match_id,kickoff_at,season_id,competition_id,home_team_id,away_team_id,feature_set_version,warmup_previous_matches,core_absence_away_absence_stats_coverage_percentage,core_absence_away_absences_count,core_absence_away_absent_appearances_last_5,core_absence_away_absent_minutes_last_30_days,core_absence_away_absent_minutes_share_percentage,core_absence_away_absent_players_with_stats_count,core_absence_away_absent_starts_last_5,core_absence_away_heavily_used_absences_count,core_absence_away_team_minutes_last_30_days,core_absence_home_absence_stats_coverage_percentage,core_absence_home_absences_count,core_absence_home_absent_appearances_last_5,core_absence_home_absent_minutes_last_30_days,core_absence_home_absent_minutes_share_percentage,core_absence_home_absent_players_with_stats_count,core_absence_home_absent_starts_last_5,core_absence_home_heavily_used_absences_count,core_absence_home_team_minutes_last_30_days,core_age_profile_away_average_age_used_last_5,core_age_profile_away_average_starter_age_last_5,core_age_profile_away_birth_date_coverage_percentage,core_age_profile_away_players_used_count,core_age_profile_away_players_with_birth_date_count,core_age_profile_away_weighted_average_age_last_5,core_age_profile_home_average_age_used_last_5,core_age_profile_home_average_starter_age_last_5,core_age_profile_home_birth_date_coverage_percentage,core_age_profile_home_players_used_count,core_age_profile_home_players_with_birth_date_count,core_age_profile_home_weighted_average_age_last_5,core_continuity_away_average_starters_changed,core_continuity_away_average_starters_retained,core_continuity_away_complete_transitions_count,core_continuity_away_distinct_starters_last_5,core_continuity_away_lineup_coverage_percentage,core_continuity_away_matches_considered,core_continuity_away_matches_with_complete_starting_xi,core_continuity_away_players_started_4_of_last_5,core_continuity_away_players_started_5_of_last_5,core_continuity_home_average_starters_changed,core_continuity_home_average_starters_retained,core_continuity_home_complete_transitions_count,core_continuity_home_distinct_starters_last_5,core_continuity_home_lineup_coverage_percentage,core_continuity_home_matches_considered,core_continuity_home_matches_with_complete_starting_xi,core_continuity_home_players_started_4_of_last_5,core_continuity_home_players_started_5_of_last_5,core_elo_away_pre_match_elo,core_elo_elo_diff,core_elo_home_pre_match_elo,core_league_context_avg_away_goals,core_league_context_avg_away_shots,core_league_context_avg_away_shots_on_target,core_league_context_avg_goals_per_match,core_league_context_avg_home_goals,core_league_context_avg_home_shots,core_league_context_avg_home_shots_on_target,core_league_context_away_win_rate,core_league_context_draw_rate,core_league_context_home_vs_away_goal_diff,core_league_context_home_win_rate,core_league_context_matches_considered,core_league_context_shots_coverage,core_league_context_shots_on_target_coverage,core_opponent_adjusted_away_last10_goal_diff_adjusted_avg,core_opponent_adjusted_away_last10_goal_diff_avg_adjustment,core_opponent_adjusted_away_last10_goal_diff_coverage,core_opponent_adjusted_away_last10_goal_diff_raw_avg,core_opponent_adjusted_away_last10_matches_considered,core_opponent_adjusted_away_last10_shot_diff_adjusted_avg,core_opponent_adjusted_away_last10_shot_diff_avg_adjustment,core_opponent_adjusted_away_last10_shot_diff_coverage,core_opponent_adjusted_away_last10_shot_diff_raw_avg,core_opponent_adjusted_away_last10_sot_diff_adjusted_avg,core_opponent_adjusted_away_last10_sot_diff_avg_adjustment,core_opponent_adjusted_away_last10_sot_diff_coverage,core_opponent_adjusted_away_last10_sot_diff_raw_avg,core_opponent_adjusted_away_last5_goal_diff_adjusted_avg,core_opponent_adjusted_away_last5_goal_diff_avg_adjustment,core_opponent_adjusted_away_last5_goal_diff_coverage,core_opponent_adjusted_away_last5_goal_diff_raw_avg,core_opponent_adjusted_away_last5_matches_considered,core_opponent_adjusted_away_last5_shot_diff_adjusted_avg,core_opponent_adjusted_away_last5_shot_diff_avg_adjustment,core_opponent_adjusted_away_last5_shot_diff_coverage,core_opponent_adjusted_away_last5_shot_diff_raw_avg,core_opponent_adjusted_away_last5_sot_diff_adjusted_avg,core_opponent_adjusted_away_last5_sot_diff_avg_adjustment,core_opponent_adjusted_away_last5_sot_diff_coverage,core_opponent_adjusted_away_last5_sot_diff_raw_avg,core_opponent_adjusted_away_venue_goal_diff_adjusted_avg,core_opponent_adjusted_away_venue_goal_diff_avg_adjustment,core_opponent_adjusted_away_venue_goal_diff_coverage,core_opponent_adjusted_away_venue_goal_diff_raw_avg,core_opponent_adjusted_away_venue_matches_considered,core_opponent_adjusted_away_venue_shot_diff_adjusted_avg,core_opponent_adjusted_away_venue_shot_diff_avg_adjustment,core_opponent_adjusted_away_venue_shot_diff_coverage,core_opponent_adjusted_away_venue_shot_diff_raw_avg,core_opponent_adjusted_away_venue_sot_diff_adjusted_avg,core_opponent_adjusted_away_venue_sot_diff_avg_adjustment,core_opponent_adjusted_away_venue_sot_diff_coverage,core_opponent_adjusted_away_venue_sot_diff_raw_avg,core_opponent_adjusted_home_last10_goal_diff_adjusted_avg,core_opponent_adjusted_home_last10_goal_diff_avg_adjustment,core_opponent_adjusted_home_last10_goal_diff_coverage,core_opponent_adjusted_home_last10_goal_diff_raw_avg,core_opponent_adjusted_home_last10_matches_considered,core_opponent_adjusted_home_last10_shot_diff_adjusted_avg,core_opponent_adjusted_home_last10_shot_diff_avg_adjustment,core_opponent_adjusted_home_last10_shot_diff_coverage,core_opponent_adjusted_home_last10_shot_diff_raw_avg,core_opponent_adjusted_home_last10_sot_diff_adjusted_avg,core_opponent_adjusted_home_last10_sot_diff_avg_adjustment,core_opponent_adjusted_home_last10_sot_diff_coverage,core_opponent_adjusted_home_last10_sot_diff_raw_avg,core_opponent_adjusted_home_last5_goal_diff_adjusted_avg,core_opponent_adjusted_home_last5_goal_diff_avg_adjustment,core_opponent_adjusted_home_last5_goal_diff_coverage,core_opponent_adjusted_home_last5_goal_diff_raw_avg,core_opponent_adjusted_home_last5_matches_considered,core_opponent_adjusted_home_last5_shot_diff_adjusted_avg,core_opponent_adjusted_home_last5_shot_diff_avg_adjustment,core_opponent_adjusted_home_last5_shot_diff_coverage,core_opponent_adjusted_home_last5_shot_diff_raw_avg,core_opponent_adjusted_home_last5_sot_diff_adjusted_avg,core_opponent_adjusted_home_last5_sot_diff_avg_adjustment,core_opponent_adjusted_home_last5_sot_diff_coverage,core_opponent_adjusted_home_last5_sot_diff_raw_avg,core_opponent_adjusted_home_venue_goal_diff_adjusted_avg,core_opponent_adjusted_home_venue_goal_diff_avg_adjustment,core_opponent_adjusted_home_venue_goal_diff_coverage,core_opponent_adjusted_home_venue_goal_diff_raw_avg,core_opponent_adjusted_home_venue_matches_considered,core_opponent_adjusted_home_venue_shot_diff_adjusted_avg,core_opponent_adjusted_home_venue_shot_diff_avg_adjustment,core_opponent_adjusted_home_venue_shot_diff_coverage,core_opponent_adjusted_home_venue_shot_diff_raw_avg,core_opponent_adjusted_home_venue_sot_diff_adjusted_avg,core_opponent_adjusted_home_venue_sot_diff_avg_adjustment,core_opponent_adjusted_home_venue_sot_diff_coverage,core_opponent_adjusted_home_venue_sot_diff_raw_avg,core_opponent_quality_away_last10_average_opponent_elo,core_opponent_quality_away_last10_average_opponent_structural,core_opponent_quality_away_last10_matches_considered,core_opponent_quality_away_last10_median_opponent_elo,core_opponent_quality_away_last10_median_opponent_structural,core_opponent_quality_away_last10_structural_coverage_percentage,core_opponent_quality_away_last10_structural_matches_available,core_opponent_quality_away_last5_average_opponent_elo,core_opponent_quality_away_last5_average_opponent_structural,core_opponent_quality_away_last5_matches_considered,core_opponent_quality_away_last5_median_opponent_elo,core_opponent_quality_away_last5_median_opponent_structural,core_opponent_quality_away_last5_structural_coverage_percentage,core_opponent_quality_away_last5_structural_matches_available,core_opponent_quality_away_venue_average_opponent_elo,core_opponent_quality_away_venue_average_opponent_structural,core_opponent_quality_away_venue_matches_considered,core_opponent_quality_away_venue_median_opponent_elo,core_opponent_quality_away_venue_median_opponent_structural,core_opponent_quality_away_venue_structural_coverage_percentage,core_opponent_quality_away_venue_structural_matches_available,core_opponent_quality_home_last10_average_opponent_elo,core_opponent_quality_home_last10_average_opponent_structural,core_opponent_quality_home_last10_matches_considered,core_opponent_quality_home_last10_median_opponent_elo,core_opponent_quality_home_last10_median_opponent_structural,core_opponent_quality_home_last10_structural_coverage_percentage,core_opponent_quality_home_last10_structural_matches_available,core_opponent_quality_home_last5_average_opponent_elo,core_opponent_quality_home_last5_average_opponent_structural,core_opponent_quality_home_last5_matches_considered,core_opponent_quality_home_last5_median_opponent_elo,core_opponent_quality_home_last5_median_opponent_structural,core_opponent_quality_home_last5_structural_coverage_percentage,core_opponent_quality_home_last5_structural_matches_available,core_opponent_quality_home_venue_average_opponent_elo,core_opponent_quality_home_venue_average_opponent_structural,core_opponent_quality_home_venue_matches_considered,core_opponent_quality_home_venue_median_opponent_elo,core_opponent_quality_home_venue_median_opponent_structural,core_opponent_quality_home_venue_structural_coverage_percentage,core_opponent_quality_home_venue_structural_matches_available,core_recent_away_avg_goals_against,core_recent_away_avg_goals_for,core_recent_away_avg_shots_against,core_recent_away_avg_shots_for,core_recent_away_avg_shots_on_target_against,core_recent_away_avg_shots_on_target_for,core_recent_away_matches_considered,core_recent_home_avg_goals_against,core_recent_home_avg_goals_for,core_recent_home_avg_shots_against,core_recent_home_avg_shots_for,core_recent_home_avg_shots_on_target_against,core_recent_home_avg_shots_on_target_for,core_recent_home_matches_considered,core_schedule_away_matches_last_14_days,core_schedule_away_matches_last_30_days,core_schedule_away_matches_last_7_days,core_schedule_away_rest_days,core_schedule_home_matches_last_14_days,core_schedule_home_matches_last_30_days,core_schedule_home_matches_last_7_days,core_schedule_home_rest_days,core_structural_away_market_value,core_structural_away_structural_rating,core_structural_home_market_value,core_structural_home_structural_rating,core_structural_log_market_value_ratio,core_structural_structural_rating_diff,label_away_goals,label_away_win,label_btts,label_draw,label_goal_diff,label_home_goals,label_home_win,label_over_2_5,label_result_1x2,label_total_goals
6042,2026-08-15T17:30:00+00:00,20,17,325,328,core_v1,0,,0,0,,,0,0,0,,,0,0,,,0,0,0,,,,0,26,0,,,,0,25,0,,2.75,8.25,4,18,100,5,5,9,3,1.5,9.5,4,15,100,5,5,11,7,1486.3101691582,-15.526485066026,1470.7836840921,,,,,,,,,,,,0,0,0,,,0,,0,,,0,,,,0,,,,0,,0,,,0,,,,0,,,,0,,0,,,0,,,,0,,,,0,,0,,,0,,,,0,,,,0,,0,,,0,,,,0,,,,0,,0,,,0,,,,0,,,,0,,,,0,,,0,,,,0,,,0,,,,0,,,0,,,,0,,,0,,,,0,,,0,,,,0,,,,,,,0,,,,,,,0,0,0,0,83,0,0,0,83,,,,,,,0,0,0,0,3,3,1,1,H,3
6043,2026-08-15T19:30:00+00:00,20,17,320,331,core_v1,0,,0,0,,,0,0,0,,,0,0,,,0,0,0,,,,0,26,0,,,,0,28,0,,3.25,7.75,4,16,100,5,5,11,3,3,8,4,18,100,5,5,9,2,1526.4131773894,-76.655199203188,1449.7579781863,0,6,2,3,3,18,8,0,0,3,1,1,1,1,,,0,,0,,,0,,,,0,,,,0,,0,,,0,,,,0,,,,0,,0,,,0,,,,0,,,,0,,0,,,0,,,,0,,,,0,,0,,,0,,,,0,,,,0,,0,,,0,,,,0,,,,0,,,,0,,,0,,,,0,,,0,,,,0,,,0,,,,0,,,0,,,,0,,,0,,,,0,,,,,,,0,,,,,,,0,0,0,0,84,0,0,0,84,,,,,,,1,0,1,0,1,2,1,1,H,3
6044,2026-08-16T15:00:00+00:00,20,17,333,318,core_v1,0,,0,0,,,0,0,0,,,0,0,,,0,0,0,,,,0,24,0,,,,,0,0,,3.5,7.5,4,19,100,5,5,9,1,,,0,0,,0,0,0,0,1603.154180726,-103.15418072601,1500,0.5,6,2.5,3,2.5,15.5,6,0,0,2,1,2,2,2,,,0,,0,,,0,,,,0,,,,0,,0,,,0,,,,0,,,,0,,0,,,0,,,,0,,,,0,,0,,,0,,,,0,,,,0,,0,,,0,,,,0,,,,0,,0,,,0,,,,0,,,,0,,,,0,,,0,,,,0,,,0,,,,0,,,0,,,,0,,,0,,,,0,,,0,,,,0,,,,,,,0,,,,,,,0,0,0,0,83,0,0,0,,,,,,,,2,0,1,1,0,2,0,1,D,4
6045,2026-08-16T17:00:00+00:00,20,17,323,322,core_v1,0,,0,0,,,0,0,0,,,0,0,,,0,0,0,,,,,0,0,,,,0,25,0,,,,0,0,,0,0,0,0,2.25,8.75,4,14,100,5,5,10,6,1484.1669539689,-27.293984140023,1456.8729698289,1,8,4,3.33,2.33,16,5,0,0.3333,1.33,0.6667,3,3,3,,,0,,0,,,0,,,,0,,,,0,,0,,,0,,,,0,,,,0,,0,,,0,,,,0,,,,0,,0,,,0,,,,0,,,,0,,0,,,0,,,,0,,,,0,,0,,,0,,,,0,,,,0,,,,0,,,0,,,,0,,,0,,,,0,,,0,,,,0,,,0,,,,0,,,0,,,,0,,,,,,,0,,,,,,,0,0,0,0,84,0,0,0,84,,,,,,,0,0,0,0,3,3,1,1,H,3
6046,2026-08-17T19:00:00+00:00,20,17,327,332,core_v1,0,,0,0,,,0,0,0,,,0,0,,,0,0,0,,,,,0,0,,,,,0,0,,,,0,0,,0,0,0,0,,,0,0,,0,0,0,0,1478.0659037114,21.93409628858,1500,0.75,7,3,3.25,2.5,16,5.25,0,0.25,1.75,0.75,4,4,4,,,0,,0,,,0,,,,0,,,,0,,0,,,0,,,,0,,,,0,,0,,,0,,,,0,,,,0,,0,,,0,,,,0,,,,0,,0,,,0,,,,0,,,,0,,0,,,0,,,,0,,,,0,,,,0,,,0,,,,0,,,0,,,,0,,,0,,,,0,,,0,,,,0,,,0,,,,0,,,,,,,0,,,,,,,0,0,0,0,86,0,0,0,,,,,,,,1,0,1,1,0,1,0,0,D,2
6047,2026-08-19T19:00:00+00:00,20,17,315,319,core_v1,0,,0,0,,,0,0,0,,,0,0,,,0,0,0,,,,,0,0,,,,0,24,0,,,,0,0,,0,0,0,0,3,8,4,19,100,5,5,8,2,1500,90.592469690072,1590.5924696901,0.8,7.8,3.6,3,2.2,14.4,4.8,0,0.4,1.4,0.6,5,5,5,,,0,,0,,,0,,,,0,,,,0,,0,,,0,,,,0,,,,0,,0,,,0,,,,0,,,,0,,0,,,0,,,,0,,,,0,,0,,,0,,,,0,,,,0,,0,,,0,,,,0,,,,0,,,,0,,,0,,,,0,,,0,,,,0,,,0,,,,0,,,0,,,,0,,,0,,,,0,,,,,,,0,,,,,,,0,0,0,0,,0,0,0,87,,,,,,,0,0,0,0,2,2,1,0,H,2
6048,2026-08-20T19:00:00+00:00,20,17,331,325,core_v1,1,,0,0,,,0,0,0,,,0,0,,,0,0,0,,,,0,38,0,,,,0,32,0,,3,8,4,22,100,5,5,8,2,3,8,4,16,100,5,5,9,5,1479.5105792521,36.423589834759,1515.9341690869,0.67,7.33,3.17,2.83,2.17,14.5,5,0,0.3333,1.5,0.6667,6,6,6,2.7075920487133,-0.2924,1,3,1,10.40400372138,-1.596,1,12,5.3459094388103,-0.6541,1,6,2.7075920487133,-0.2924,1,3,1,10.40400372138,-1.596,1,12,5.3459094388103,-0.6541,1,6,,,0,,0,,,0,,,,0,,-1.5716666903122,-0.5717,1,-1,1,-10.120222642149,-3.1202,1,-7,-2.2787675048999,-1.2788,1,-1,-1.5716666903122,-0.5717,1,-1,1,-10.120222642149,-3.1202,1,-7,-2.2787675048999,-1.2788,1,-1,,,0,,0,,,0,,,,0,,1486.3101691582,1487.9810933281,1,1486.3101691582,1487.9810933281,100,1,1486.3101691582,1487.9810933281,1,1486.3101691582,1487.9810933281,100,1,,,0,,,,0,1449.7579781863,1578.7980104875,1,1449.7579781863,1578.7980104875,100,1,1449.7579781863,1578.7980104875,1,1449.7579781863,1578.7980104875,100,1,,,0,,,,0,0,3,6,18,2,8,1,2,1,13,6,4,3,1,1,1,1,5,1,1,1,4,,,,,,,1,0,1,1,0,1,0,0,D,2
6728,2026-08-21T18:45:00+00:00,22,19,355,360,core_v1,0,,0,0,,,0,0,0,,,0,0,,,0,0,0,,,,0,22,0,,,,0,23,0,,1.75,9.25,4,15,100,5,5,9,7,2,9,4,16,100,5,5,8,6,1558.4524402354,12.486265953135,1570.9387061885,,,,,,,,,,,,0,0,0,,,0,,0,,,0,,,,0,,,,0,,0,,,0,,,,0,,,,0,,0,,,0,,,,0,,,,0,,0,,,0,,,,0,,,,0,,0,,,0,,,,0,,,,0,,0,,,0,,,,0,,,,0,,,,0,,,0,,,,0,,,0,,,,0,,,0,,,,0,,,0,,,,0,,,0,,,,0,,,,,,,0,,,,,,,0,0,0,0,95,0,0,0,95,,,,,,,0,0,0,0,4,4,1,1,H,4
5661,2026-08-21T19:00:00+00:00,19,16,299,313,core_v1,0,,0,0,,,0,0,0,,,0,0,,,0,0,0,,,,,0,0,,,,0,27,0,,,,0,0,,0,0,0,0,2.25,8.75,4,17,100,5,5,10,4,1500,177.91752827109,1677.9175282711,,,,,,,,,,,,0,0,0,,,0,,0,,,0,,,,0,,,,0,,0,,,0,,,,0,,,,0,,0,,,0,,,,0,,,,0,,0,,,0,,,,0,,,,0,,0,,,0,,,,0,,,,0,,0,,,0,,,,0,,,,0,,,,0,,,0,,,,0,,,0,,,,0,,,0,,,,0,,,0,,,,0,,,0,,,,0,,,,,,,0,,,,,,,0,0,0,0,,0,0,0,89,,,,,,,0,0,0,0,3,3,1,1,H,3
6049,2026-08-21T19:00:00+00:00,20,17,326,329,core_v1,0,,0,0,,,0,0,0,,,0,0,,,0,0,0,,,,0,27,0,,,,0,27,0,,5.25,5.75,4,21,100,5,5,5,2,5.25,5.75,4,19,100,5,5,5,2,1475.1913544508,95.233199630755,1570.4245540816,0.71,8.43,3.14,2.71,2,13.57,4.71,0,0.4286,1.29,0.5714,7,7,7,,,0,,0,,,0,,,,0,,,,0,,0,,,0,,,,0,,,,0,,0,,,0,,,,0,,,,0,,0,,,0,,,,0,,,,0,,0,,,0,,,,0,,,,0,,0,,,0,,,,0,,,,0,,,,0,,,0,,,,0,,,0,,,,0,,,0,,,,0,,,0,,,,0,,,0,,,,0,,,,,,,0,,,,,,,0,0,0,0,90,0,0,0,90,,,,,,,0,0,0,0,1,1,1,0,H,1
5662,2026-08-22T11:30:00+00:00,19,16,309,294,core_v1,0,,0,0,,,0,0,0,,,0,0,,,0,0,0,,,,0,26,0,,,,,0,0,,4.75,6.25,4,21,100,5,5,6,0,,,0,0,,0,0,0,0,1591.2033066138,-91.203306613788,1500,0,4,1,3,3,20,6,0,0,3,1,1,1,1,,,0,,0,,,0,,,,0,,,,0,,0,,,0,,,,0,,,,0,,0,,,0,,,,0,,,,0,,0,,,0,,,,0,,,,0,,0,,,0,,,,0,,,,0,,0,,,0,,,,0,,,,0,,,,0,,,0,,,,0,,,0,,,,0,,,0,,,,0,,,0,,,,0,,,0,,,,0,,,,,,,0,,,,,,,0,0,0,0,89,0,0,0,,,,,,,,0,0,0,0,2,2,1,0,H,2
5663,2026-08-22T14:00:00+00:00,19,16,300,305,core_v1,0,,0,0,,,0,0,0,,,0,0,,,0,0,0,,,,0,23,0,,,,0,23,0,,3.25,7.75,4,18,100,5,5,8,3,3.5,7.5,4,16,100,5,5,8,5,1488.6065706411,8.3900475549756,1496.996618196,0,12.5,3,2.5,2.5,14,5,0,0,2.5,1,2,2,2,,,0,,0,,,0,,,,0,,,,0,,0,,,0,,,,0,,,,0,,0,,,0,,,,0,,,,0,,0,,,0,,,,0,,,,0,,0,,,0,,,,0,,,,0,,0,,,0,,,,0,,,,0,,,,0,,,0,,,,0,,,0,,,,0,,,0,,,,0,,,0,,,,0,,,0,,,,0,,,,,,,0,,,,,,,0,0,0,0,89,0,0,0,89,,,,,,,0,0,0,0,2,2,1,0,H,2
5664,2026-08-22T14:00:00+00:00,19,16,307,312,core_v1,0,,0,0,,,0,0,0,,,0,0,,,0,0,0,,,,,0,0,,,,0,26,0,,,,0,0,,0,0,0,0,2.5,8.5,4,19,100,5,5,6,3,1522.2009144498,-156.56934859434,1365.6315658555,0,12.5,3,2.5,2.5,14,5,0,0,2.5,1,2,2,2,,,0,,0,,,0,,,,0,,,,0,,0,,,0,,,,0,,,,0,,0,,,0,,,,0,,,,0,,0,,,0,,,,0,,,,0,,0,,,0,,,,0,,,,0,,0,,,0,,,,0,,,,0,,,,0,,,0,,,,0,,,0,,,,0,,,0,,,,0,,,0,,,,0,,,0,,,,0,,,,,,,0,,,,,,,0,0,0,0,89,0,0,0,453,,,,,,,1,0,1,0,1,2,1,1,H,3
5665,2026-08-22T14:00:00+00:00,19,16,310,308,core_v1,0,,0,0,,,0,0,0,,,0,0,,,0,0,0,,,,,0,0,,,,0,22,0,,,,0,0,,0,0,0,0,1,10,4,14,100,5,5,11,8,1514.4989756346,-5.7669821187721,1508.7319935158,0,12.5,3,2.5,2.5,14,5,0,0,2.5,1,2,2,2,,,0,,0,,,0,,,,0,,,,0,,0,,,0,,,,0,,,,0,,0,,,0,,,,0,,,,0,,0,,,0,,,,0,,,,0,,0,,,0,,,,0,,,,0,,0,,,0,,,,0,,,,0,,,,0,,,0,,,,0,,,0,,,,0,,,0,,,,0,,,0,,,,0,,,0,,,,0,,,,,,,0,,,,,,,0,0,0,0,89,0,0,0,89,,,,,,,1,1,0,0,-1,0,0,0,A,1
6050,2026-08-22T15:00:00+00:00,20,17,316,320,core_v1,0,,0,0,,,0,0,0,,,0,0,,,0,0,0,,,,0,43,0,,,,0,28,0,,4.5,6.5,4,27,100,5,5,3,2,6.25,4.75,4,24,100,5,5,5,1,1460.2369864888,33.039836936348,1493.2768234251,0.63,8.5,3.13,2.5,1.88,14.13,5,0,0.375,1.25,0.625,8,8,8,1.0139790316002,0.014,1,1,1,7.0762991646241,0.0763,1,7,1.0312698494826,0.0313,1,1,1.0139790316002,0.014,1,1,1,7.0762991646241,0.0763,1,7,1.0312698494826,0.0313,1,1,,,0,,0,,,0,,,,0,,,,0,,0,,,0,,,,0,,,,0,,0,,,0,,,,0,,,,0,,0,,,0,,,,0,,1526.4131773894,1478.8518460049,1,1526.4131773894,1478.8518460049,100,1,1526.4131773894,1478.8518460049,1,1526.4131773894,1478.8518460049,100,1,,,0,,,,0,,,0,,,,0,,,0,,,,0,,,0,,,,0,1,2,6,13,3,4,1,,,,,,,0,1,1,1,6,0,0,0,90,,,,,,,3,1,1,0,-2,1,0,1,A,4
6729,2026-08-22T15:15:00+00:00,22,19,368,364,core_v1,0,,0,0,,,0,0,0,,,0,0,,,0,0,0,,,,0,26,0,,,,0,26,0,,2.25,8.75,4,17,100,5,5,8,6,1.75,9.25,4,15,100,5,5,8,6,1471.0484385476,130.1486015226,1601.1970400702,0,5,2,4,4,14,8,0,0,4,1,1,1,1,,,0,,0,,,0,,,,0,,,,0,,0,,,0,,,,0,,,,0,,0,,,0,,,,0,,,,0,,0,,,0,,,,0,,,,0,,0,,,0,,,,0,,,,0,,0,,,0,,,,0,,,,0,,,,0,,,0,,,,0,,,0,,,,0,,,0,,,,0,,,0,,,,0,,,0,,,,0,,,,,,,0,,,,,,,0,0,0,0,96,0,0,0,96,,,,,,,2,0,1,0,3,5,1,1,H,7
5281,2026-08-22T16:30:00+00:00,18,15,279,292,core_v1,0,,0,0,,,0,0,0,,,0,0,,,0,0,0,,,,0,30,0,,,,0,27,0,,3.5,7.5,4,18,100,5,5,10,3,2.5,8.5,4,17,100,5,5,9,5,1598.3511293882,-116.98075829776,1481.3703710904,,,,,,,,,,,,0,0,0,,,0,,0,,,0,,,,0,,,,0,,0,,,0,,,,0,,,,0,,0,,,0,,,,0,,,,0,,0,,,0,,,,0,,,,0,,0,,,0,,,,0,,,,0,,0,,,0,,,,0,,,,0,,,,0,,,0,,,,0,,,0,,,,0,,,0,,,,0,,,0,,,,0,,,0,,,,0,,,,,,,0,,,,,,,0,0,0,0,89,0,0,0,90,,,,,,,1,0,1,1,0,1,0,0,D,2
5282,2026-08-22T16:30:00+00:00,18,15,287,293,core_v1,0,,0,0,,,0,0,0,,,0,0,,,0,0,0,,,,0,27,0,,,,0,27,0,,1.75,9.25,4,17,100,5,5,9,6,3,8,4,18,100,5,5,8,5,1342.7323721715,354.23654201298,1696.9689141845,,,,,,,,,,,,0,0,0,,,0,,0,,,0,,,,0,,,,0,,0,,,0,,,,0,,,,0,,0,,,0,,,,0,,,,0,,0,,,0,,,,0,,,,0,,0,,,0,,,,0,,,,0,,0,,,0,,,,0,,,,0,,,,0,,,0,,,,0,,,0,,,,0,,,0,,,,0,,,0,,,,0,,,0,,,,0,,,,,,,0,,,,,,,0,0,0,0,454,0,0,0,91,,,,,,,1,0,1,0,3,4,1,1,H,5
5666,2026-08-22T16:30:00+00:00,19,16,306,301,core_v1,0,,0,0,,,0,0,0,,,0,0,,,0,0,0,,,,0,27,0,,,,0,22,0,,4.5,6.5,4,23,100,5,5,6,3,0,11,4,11,100,5,5,11,11,1433.4374937775,94.925356217137,1528.3628499946,0.4,11.6,3.4,2.2,1.8,13.2,4,0.2,0,1.4,0.8,5,5,5,,,0,,0,,,0,,,,0,,,,0,,0,,,0,,,,0,,,,0,,0,,,0,,,,0,,,,0,,0,,,0,,,,0,,,,0,,0,,,0,,,,0,,,,0,,0,,,0,,,,0,,,,0,,,,0,,,0,,,,0,,,0,,,,0,,,0,,,,0,,,0,,,,0,,,0,,,,0,,,,,,,0,,,,,,,0,0,0,0,90,0,0,0,90,,,,,,,0,0,0,0,3,3,1,1,H,3
6051,2026-08-22T17:30:00+00:00,20,17,317,321,core_v1,0,,0,0,,,0,0,0,,,0,0,,,0,0,0,,,,0,25,0,,,,0,27,0,,5.75,5.25,4,19,100,5,5,6,2,2.5,8.5,4,17,100,5,5,8,3,1527.2186062616,-12.144231309652,1515.074374952,0.89,8.33,3.22,2.67,1.78,14.56,5.33,0.1111,0.3333,0.89,0.5556,9,9,9,,,0,,0,,,0,,,,0,,,,0,,0,,,0,,,,0,,,,0,,0,,,0,,,,0,,,,0,,0,,,0,,,,0,,,,0,,0,,,0,,,,0,,,,0,,0,,,0,,,,0,,,,0,,,,0,,,0,,,,0,,,0,,,,0,,,0,,,,0,,,0,,,,0,,,0,,,,0,,,,,,,0,,,,,,,0,0,0,0,90,0,0,0,90,,,,,,,0,0,0,1,0,0,0,0,D,0
5283,2026-08-22T18:45:00+00:00,18,15,280,278,core_v1,0,,0,0,,,0,0,0,,,0,0,,,0,0,0,,,,0,25,0,,,,0,30,0,,0.25,10.75,4,12,100,5,5,10,10,1.5,9.5,4,14,100,5,5,9,6,1639.5332339528,-177.46127892249,1462.0719550303,1,13.5,4.5,3.5,2.5,15,4,0,0.5,1.5,0.5,2,2,2,,,0,,0,,,0,,,,0,,,,0,,0,,,0,,,,0,,,,0,,0,,,0,,,,0,,,,0,,0,,,0,,,,0,,,,0,,0,,,0,,,,0,,,,0,,0,,,0,,,,0,,,,0,,,,0,,,0,,,,0,,,0,,,,0,,,0,,,,0,,,0,,,,0,,,0,,,,0,,,,,,,0,,,,,,,0,0,0,0,90,0,0,0,90,,,,,,,2,1,0,0,-2,0,0,0,A,2
5284,2026-08-22T18:45:00+00:00,18,15,290,277,core_v1,0,,0,0,,,0,0,0,,,0,0,,,0,0,0,,,,0,26,0,,,,0,26,0,,3,8,4,18,100,5,5,9,5,3.6666666666667,7.3333333333333,3,17,80,5,4,5,1,1456.6932644211,20.431474839728,1477.1247392608,1,13.5,4.5,3.5,2.5,15,4,0,0.5,1.5,0.5,2,2,2,,,0,,0,,,0,,,,0,,,,0,,0,,,0,,,,0,,,,0,,0,,,0,,,,0,,,,0,,0,,,0,,,,0,,,,0,,0,,,0,,,,0,,,,0,,0,,,0,,,,0,,,,0,,,,0,,,0,,,,0,,,0,,,,0,,,0,,,,0,,,0,,,,0,,,0,,,,0,,,,,,,0,,,,,,,0,0,0,0,90,0,0,0,90,,,,,,,1,1,0,0,-1,0,0,0,A,1
6730,2026-08-22T18:45:00+00:00,22,19,356,362,core_v1,0,,0,0,,,0,0,0,,,0,0,,,0,0,0,,,,,0,0,,,,0,23,0,,,,0,0,,0,0,0,0,1.75,9.25,4,17,100,5,5,8,5,1510.8256547144,-33.008606691522,1477.8170480229,1,7.5,3,5.5,4.5,13,8.5,0,0,3.5,1,2,2,2,,,0,,0,,,0,,,,0,,,,0,,0,,,0,,,,0,,,,0,,0,,,0,,,,0,,,,0,,0,,,0,,,,0,,,,0,,0,,,0,,,,0,,,,0,,0,,,0,,,,0,,,,0,,,,0,,,0,,,,0,,,0,,,,0,,,0,,,,0,,,0,,,,0,,,0,,,,0,,,,,,,0,,,,,,,0,0,0,0,96,0,0,0,85,,,,,,,0,0,0,1,0,0,0,0,D,0
6731,2026-08-22T18:45:00+00:00,22,19,361,354,core_v1,0,,0,0,,,0,0,0,,,0,0,,,0,0,0,,,,0,25,0,,,,0,25,0,,3.25,7.75,4,18,100,5,5,8,1,1.5,9.5,4,14,100,5,5,10,6,1570.2847885685,-71.206484843207,1499.0783037253,1,7.5,3,5.5,4.5,13,8.5,0,0,3.5,1,2,2,2,,,0,,0,,,0,,,,0,,,,0,,0,,,0,,,,0,,,,0,,0,,,0,,,,0,,,,0,,0,,,0,,,,0,,,,0,,0,,,0,,,,0,,,,0,,0,,,0,,,,0,,,,0,,,,0,,,0,,,,0,,,0,,,,0,,,0,,,,0,,,0,,,,0,,,0,,,,0,,,,,,,0,,,,,,,0,0,0,0,96,0,0,0,96,,,,,,,2,1,0,0,-2,0,0,0,A,2
6732,2026-08-22T18:45:00+00:00,22,19,365,367,core_v1,0,,0,0,,,0,0,0,,,0,0,,,0,0,0,,,,,0,0,,,,,0,0,,,,0,0,,0,0,0,0,,,0,0,,0,0,0,0,1520.0269524041,-20.026952404114,1500,1,7.5,3,5.5,4.5,13,8.5,0,0,3.5,1,2,2,2,,,0,,0,,,0,,,,0,,,,0,,0,,,0,,,,0,,,,0,,0,,,0,,,,0,,,,0,,0,,,0,,,,0,,,,0,,0,,,0,,,,0,,,,0,,0,,,0,,,,0,,,,0,,,,0,,,0,,,,0,,,0,,,,0,,,0,,,,0,,,0,,,,0,,,0,,,,0,,,,,,,0,,,,,,,0,0,0,0,96,0,0,0,,,,,,,,0,0,0,1,0,0,0,0,D,0
6733,2026-08-22T18:45:00+00:00,22,19,369,363,core_v1,0,,0,0,,,0,0,0,,,0,0,,,0,0,0,,,,0,25,0,,,,,0,0,,2.75,8.25,4,17,100,5,5,9,3,,,0,0,,0,0,0,0,1474.8249148738,25.175085126249,1500,1,7.5,3,5.5,4.5,13,8.5,0,0,3.5,1,2,2,2,,,0,,0,,,0,,,,0,,,,0,,0,,,0,,,,0,,,,0,,0,,,0,,,,0,,,,0,,0,,,0,,,,0,,,,0,,0,,,0,,,,0,,,,0,,0,,,0,,,,0,,,,0,,,,0,,,0,,,,0,,,0,,,,0,,,0,,,,0,,,0,,,,0,,,0,,,,0,,,,,,,0,,,,,,,0,0,0,0,96,0,0,0,,,,,,,,2,0,1,1,0,2,0,1,D,4
6052,2026-08-22T19:30:00+00:00,20,17,323,324,core_v1,0,,0,0,,,0,0,0,,,0,0,,,0,0,0,,,,0,26,0,,,,0,39,0,,2.5,8.5,4,17,100,5,5,8,4,3.25,7.75,4,21,100,5,5,7,3,1681.2593593938,-215.3249735912,1465.9343858026,0.8,8.2,3.2,2.4,1.6,13.9,5,0.1,0.4,0.8,0.5,10,10,10,,,0,,0,,,0,,,,0,,,,0,,0,,,0,,,,0,,,,0,,0,,,0,,,,0,,2.6912178846676,-0.3088,1,3,1,10.314631647989,-1.6854,1,12,5.3092818912263,-0.6907,1,6,2.6912178846676,-0.3088,1,3,1,10.314631647989,-1.6854,1,12,5.3092818912263,-0.6907,1,6,2.6912178846676,-0.3088,1,3,1,10.314631647989,-1.6854,1,12,5.3092818912263,-0.6907,1,6,,,0,,,,0,,,0,,,,0,,,0,,,,0,1484.1669539689,1478.9381769425,1,1484.1669539689,1478.9381769425,100,1,1484.1669539689,1478.9381769425,1,1484.1669539689,1478.9381769425,100,1,1484.1669539689,1478.9381769425,1,1484.1669539689,1478.9381769425,100,1,,,,,,,0,0,3,4,16,0,6,1,0,0,0,91,1,1,1,6,,,,,,,2,1,1,0,-1,1,0,1,A,3
5667,2026-08-23T13:00:00+00:00,19,16,303,296,core_v1,0,,0,0,,,0,0,0,,,0,0,,,0,0,0,,,,0,23,0,,,,0,26,0,,2.75,8.25,4,16,100,5,5,9,5,3,8,4,18,100,5,5,9,3,1570.7957954028,79.440570066419,1650.2363654692,0.33,11.17,3.5,2.33,2,15.33,4.67,0.1667,0,1.67,0.8333,6,6,6,,,0,,0,,,0,,,,0,,,,0,,0,,,0,,,,0,,,,0,,0,,,0,,,,0,,,,0,,0,,,0,,,,0,,,,0,,0,,,0,,,,0,,,,0,,0,,,0,,,,0,,,,0,,,,0,,,0,,,,0,,,0,,,,0,,,0,,,,0,,,0,,,,0,,,0,,,,0,,,,,,,0,,,,,,,0,0,0,0,90,0,0,0,90,,,,,,,1,0,1,0,1,2,1,1,H,3
5668,2026-08-23T13:00:00+00:00,19,16,304,311,core_v1,0,,0,0,,,0,0,0,,,0,0,,,0,0,0,,,,0,23,0,,,,0,26,0,,2.75,8.25,4,16,100,5,5,9,5,2.25,8.75,4,17,100,5,5,9,3,1576.8018597458,-44.004678440714,1532.7971813051,0.33,11.17,3.5,2.33,2,15.33,4.67,0.1667,0,1.67,0.8333,6,6,6,,,0,,0,,,0,,,,0,,,,0,,0,,,0,,,,0,,,,0,,0,,,0,,,,0,,,,0,,0,,,0,,,,0,,,,0,,0,,,0,,,,0,,,,0,,0,,,0,,,,0,,,,0,,,,0,,,0,,,,0,,,0,,,,0,,,0,,,,0,,,0,,,,0,,,0,,,,0,,,,,,,0,,,,,,,0,0,0,0,90,0,0,0,90,,,,,,,0,0,0,0,4,4,1,1,H,4
6734,2026-08-23T13:00:00+00:00,22,19,352,353,core_v1,0,,0,0,,,0,0,0,,,0,0,,,0,0,0,,,,0,24,0,,,,0,28,0,,2.25,8.75,4,18,100,5,5,8,6,2.5,8.5,4,17,100,5,5,8,4,1595.0122275944,-159.69760409009,1435.3146235043,1,12,3.17,2.83,1.83,12.33,4.5,0.1667,0.5,0.83,0.3333,6,6,6,,,0,,0,,,0,,,,0,,,,0,,0,,,0,,,,0,,,,0,,0,,,0,,,,0,,,,0,,0,,,0,,,,0,,,,0,,0,,,0,,,,0,,,,0,,0,,,0,,,,0,,,,0,,,,0,,,0,,,,0,,,0,,,,0,,,0,,,,0,,,0,,,,0,,,0,,,,0,,,,,,,0,,,,,,,0,0,0,0,97,0,0,0,97,,,,,,,2,1,0,0,-2,0,0,0,A,2
6053,2026-08-23T15:00:00+00:00,20,17,315,318,core_v1,1,,0,0,,,0,0,0,,,0,0,,,0,0,0,,,,0,35,0,,,,0,39,0,,5.25,5.75,4,23,100,5,5,9,0,4.5,6.5,4,25,100,5,5,5,1,1601.9184517937,-5.4079033805763,1596.5105484131,0.91,9.36,3.64,2.45,1.55,13.36,4.82,0.1818,0.3636,0.64,0.4545,11,11,11,-0.18781764365516,-0.1878,1,0,1,-6.0251303325157,-1.0251,1,-5,3.579868647897,-0.4201,1,4,-0.18781764365516,-0.1878,1,0,1,-6.0251303325157,-1.0251,1,-5,3.579868647897,-0.4201,1,4,-0.18781764365516,-0.1878,1,0,1,-6.0251303325157,-1.0251,1,-5,3.579868647897,-0.4201,1,4,1.8121823563448,-0.1878,1,2,1,8.9748696674843,-1.0251,1,10,4.579868647897,-0.4201,1,5,1.8121823563448,-0.1878,1,2,1,8.9748696674843,-1.0251,1,10,4.579868647897,-0.4201,1,5,1.8121823563448,-0.1878,1,2,1,8.9748696674843,-1.0251,1,10,4.579868647897,-0.4201,1,5,1500,1510.8480992369,1,1500,1510.8480992369,100,1,1500,1510.8480992369,1,1500,1510.8480992369,100,1,1500,1510.8480992369,1,1500,1510.8480992369,100,1,1500,1411.275970975,1,1500,1411.275970975,100,1,1500,1411.275970975,1,1500,1411.275970975,100,1,1500,1411.275970975,1,1500,1411.275970975,100,1,2,2,17,12,3,7,1,0,2,5,15,1,6,1,1,1,1,7,1,1,1,3,,,,,,,2,0,1,1,0,2,0,1,D,4
6735,2026-08-23T15:15:00+00:00,22,19,366,358,core_v1,0,,0,0,,,0,0,0,,,0,0,,,0,0,0,,,,0,25,0,,,,0,25,0,,3.75,7.25,4,18,100,5,5,8,3,1,10,4,14,100,5,5,9,7,1559.2022121474,-107.22118328673,1451.9810288607,1.14,11.86,3.86,2.71,1.57,13.43,4.14,0.2857,0.4286,0.43,0.2857,7,7,7,,,0,,0,,,0,,,,0,,,,0,,0,,,0,,,,0,,,,0,,0,,,0,,,,0,,,,0,,0,,,0,,,,0,,,,0,,0,,,0,,,,0,,,,0,,0,,,0,,,,0,,,,0,,,,0,,,0,,,,0,,,0,,,,0,,,0,,,,0,,,0,,,,0,,,0,,,,0,,,,,,,0,,,,,,,0,0,0,0,97,0,0,0,97,,,,,,,1,1,0,0,-1,0,0,0,A,1
5669,2026-08-23T15:30:00+00:00,19,16,295,298,core_v1,0,,0,0,,,0,0,0,,,0,0,,,0,0,0,,,,0,22,0,,,,0,22,0,,5,6,4,19,100,5,5,7,3,1,10,4,14,100,5,5,9,8,1574.5610650426,-65.71441588898,1508.8466491536,0.38,9.75,3.13,2.63,2.25,15.75,5,0.125,0,1.87,0.875,8,8,8,,,0,,0,,,0,,,,0,,,,0,,0,,,0,,,,0,,,,0,,0,,,0,,,,0,,,,0,,0,,,0,,,,0,,,,0,,0,,,0,,,,0,,,,0,,0,,,0,,,,0,,,,0,,,,0,,,0,,,,0,,,0,,,,0,,,0,,,,0,,,0,,,,0,,,0,,,,0,,,,,,,0,,,,,,,0,0,0,0,91,0,0,0,91,,,,,,,2,0,1,1,0,2,0,1,D,4
5285,2026-08-23T16:30:00+00:00,18,15,288,281,core_v1,0,,0,0,,,0,0,0,,,0,0,,,0,0,0,,,,0,27,0,,,,,0,0,,2.75,8.25,4,16,100,5,5,8,4,,,0,0,,0,0,0,0,1613.5369139528,-113.53691395279,1500,1.25,13.5,4.5,2.5,1.25,13.5,3,0.5,0.25,0,0.25,4,4,4,,,0,,0,,,0,,,,0,,,,0,,0,,,0,,,,0,,,,0,,0,,,0,,,,0,,,,0,,0,,,0,,,,0,,,,0,,0,,,0,,,,0,,,,0,,0,,,0,,,,0,,,,0,,,,0,,,0,,,,0,,,0,,,,0,,,0,,,,0,,,0,,,,0,,,0,,,,0,,,,,,,0,,,,,,,0,0,0,0,90,0,0,0,,,,,,,,1,1,0,0,-1,0,0,0,A,1
5286,2026-08-23T16:30:00+00:00,18,15,289,291,core_v1,0,,0,0,,,0,0,0,,,0,0,,,0,0,0,,,,0,28,0,,,,0,28,0,,1.25,9.75,4,14,100,5,5,9,9,3.25,7.75,4,17,100,5,5,9,4,1434.0633149406,-16.208731026983,1417.8545839136,1.25,13.5,4.5,2.5,1.25,13.5,3,0.5,0.25,0,0.25,4,4,4,,,0,,0,,,0,,,,0,,,,0,,0,,,0,,,,0,,,,0,,0,,,0,,,,0,,,,0,,0,,,0,,,,0,,,,0,,0,,,0,,,,0,,,,0,,0,,,0,,,,0,,,,0,,,,0,,,0,,,,0,,,0,,,,0,,,0,,,,0,,,0,,,,0,,,0,,,,0,,,,,,,0,,,,,,,0,0,0,0,90,0,0,0,454,,,,,,,2,1,0,0,-2,0,0,0,A,2
6054,2026-08-23T17:30:00+00:00,20,17,328,333,core_v1,1,,0,0,,,0,0,0,,,0,0,,,0,0,0,,,,0,23,0,,,,0,42,0,,,,0,11,100,1,1,0,0,3.75,7.25,4,25,100,5,5,5,2,1501.2357289324,-23.652454934178,1477.5832739982,1,9.67,3.83,2.58,1.58,13.83,4.75,0.1667,0.4167,0.58,0.4167,12,12,12,0.60028029709156,0.6003,1,0,1,8.2763990037589,3.2764,1,5,-2.6572264034955,1.3428,1,-4,0.60028029709156,0.6003,1,0,1,8.2763990037589,3.2764,1,5,-2.6572264034955,1.3428,1,-4,,,0,,0,,,0,,,,0,,-3.4110302971911,-0.411,1,-3,1,-14.243450705873,-2.2435,1,-12,-6.9194381909681,-0.9194,1,-6,-3.4110302971911,-0.411,1,-3,1,-14.243450705873,-2.2435,1,-12,-6.9194381909681,-0.9194,1,-6,,,0,,0,,,0,,,,0,,1603.154180726,1679.813885591,1,1603.154180726,1679.813885591,100,1,1603.154180726,1679.813885591,1,1603.154180726,1679.813885591,100,1,,,0,,,,0,1470.7836840921,1439.25521504,1,1470.7836840921,1439.25521504,100,1,1470.7836840921,1439.25521504,1,1470.7836840921,1439.25521504,100,1,,,0,,,,0,2,2,12,17,7,3,1,3,0,18,6,8,2,1,1,1,0,7,1,1,0,8,,,,,,,0,0,0,0,1,1,1,0,H,1
5287,2026-08-23T18:45:00+00:00,18,15,283,275,core_v1,0,,0,0,,,0,0,0,,,0,0,,,0,0,0,,,,,0,0,,,,0,26,0,,,,0,0,,0,0,0,0,2.5,8.5,4,16,100,5,5,7,5,1489.52080867,85.816606059952,1575.33741473,1.33,14.33,4.67,2.17,0.83,14,3.5,0.6667,0.1667,-0.5,0.1667,6,6,6,,,0,,0,,,0,,,,0,,,,0,,0,,,0,,,,0,,,,0,,0,,,0,,,,0,,,,0,,0,,,0,,,,0,,,,0,,0,,,0,,,,0,,,,0,,0,,,0,,,,0,,,,0,,,,0,,,0,,,,0,,,0,,,,0,,,0,,,,0,,,0,,,,0,,,0,,,,0,,,,,,,0,,,,,,,0,0,0,0,91,0,0,0,93,,,,,,,1,0,1,0,1,2,1,1,H,3
5288,2026-08-23T18:45:00+00:00,18,15,286,276,core_v1,0,,0,0,,,0,0,0,,,0,0,,,0,0,0,,,,0,30,0,,,,0,26,0,,2.25,8.75,4,18,100,5,5,8,6,2,9,4,17,100,5,5,8,6,1581.5986835383,-112.93974312561,1468.6589404127,1.33,14.33,4.67,2.17,0.83,14,3.5,0.6667,0.1667,-0.5,0.1667,6,6,6,,,0,,0,,,0,,,,0,,,,0,,0,,,0,,,,0,,,,0,,0,,,0,,,,0,,,,0,,0,,,0,,,,0,,,,0,,0,,,0,,,,0,,,,0,,0,,,0,,,,0,,,,0,,,,0,,,0,,,,0,,,0,,,,0,,,0,,,,0,,,0,,,,0,,,0,,,,0,,,,,,,0,,,,,,,0,0,0,0,91,0,0,0,91,,,,,,,2,1,1,0,-1,1,0,1,A,3
6736,2026-08-23T18:45:00+00:00,22,19,359,357,core_v1,0,,0,0,,,0,0,0,,,0,0,,,0,0,0,,,,0,28,0,,,,0,23,0,,6.25,4.75,4,22,100,5,5,1,0,2.75,8.25,4,17,100,5,5,9,5,1680.5631353103,-127.73127922414,1552.8318560862,1.13,12.25,4.25,2.5,1.38,13.63,4.13,0.375,0.375,0.25,0.25,8,8,8,,,0,,0,,,0,,,,0,,,,0,,0,,,0,,,,0,,,,0,,0,,,0,,,,0,,,,0,,0,,,0,,,,0,,,,0,,0,,,0,,,,0,,,,0,,0,,,0,,,,0,,,,0,,,,0,,,0,,,,0,,,0,,,,0,,,0,,,,0,,,0,,,,0,,,0,,,,0,,,,,,,0,,,,,,,0,0,0,0,97,0,0,0,97,,,,,,,2,0,1,1,0,2,0,1,D,4
6055,2026-08-23T19:30:00+00:00,20,17,332,314,core_v1,0,,0,0,,,0,0,0,,,0,0,,,0,0,0,,,,0,28,0,,,,0,23,0,,5,6,4,23,100,5,5,5,1,,,0,11,100,1,1,0,0,1720.7171880692,-240.33579735531,1480.3813907139,0.92,9.38,3.77,2.46,1.54,13.69,4.46,0.1538,0.3846,0.62,0.4615,13,13,13,,,0,,0,,,0,,,,0,,,,0,,0,,,0,,,,0,,,,0,,0,,,0,,,,0,,-0.18781764365516,-0.1878,1,0,1,1.9748696674843,-1.0251,1,3,2.579868647897,-0.4201,1,3,-0.18781764365516,-0.1878,1,0,1,1.9748696674843,-1.0251,1,3,2.579868647897,-0.4201,1,3,,,0,,0,,,0,,,,0,,,,0,,,,0,,,0,,,,0,,,0,,,,0,1500,1522.0041568726,1,1500,1522.0041568726,100,1,1500,1522.0041568726,1,1500,1522.0041568726,100,1,,,0,,,,0,,,,,,,0,1,1,8,11,3,6,1,0,0,0,92,1,1,1,6,,,,,,,5,1,0,0,-5,0,0,1,A,5
5289,2026-08-24T16:30:00+00:00,18,15,284,274,core_v1,0,,0,0,,,0,0,0,,,0,0,,,0,0,0,,,,0,24,0,,,,0,32,0,,3.75,7.25,4,18,100,5,5,6,3,2.75,8.25,4,18,100,5,5,8,5,1545.3397558173,-7.4882277685767,1537.8515280488,1.38,15.88,5,2.38,1,13.25,3.63,0.625,0.125,-0.38,0.25,8,8,8,,,0,,0,,,0,,,,0,,,,0,,0,,,0,,,,0,,,,0,,0,,,0,,,,0,,,,0,,0,,,0,,,,0,,,,0,,0,,,0,,,,0,,,,0,,0,,,0,,,,0,,,,0,,,,0,,,0,,,,0,,,0,,,,0,,,0,,,,0,,,0,,,,0,,,0,,,,0,,,,,,,0,,,,,,,0,0,0,0,92,0,0,0,93,,,,,,,1,1,0,0,-1,0,0,0,A,1
6056,2026-08-24T17:30:00+00:00,20,17,330,322,core_v1,0,,0,0,,,0,0,0,,,0,0,,,0,0,0,,,,0,21,0,,,,0,25,0,,,,0,11,100,1,1,0,0,1.5,9.5,4,16,100,5,5,11,6,1475.1055379953,-12.716061152685,1462.3894768426,1.21,9.5,4,2.64,1.43,13.21,4.29,0.2143,0.3571,0.22,0.4286,14,14,14,-3.5173081541622,-0.5173,1,-3,1,-14.82352749065,-2.8235,1,-12,-7.1571722977267,-1.1572,1,-6,-3.5173081541622,-0.5173,1,-3,1,-14.82352749065,-2.8235,1,-12,-7.1571722977267,-1.1572,1,-6,-3.5173081541622,-0.5173,1,-3,1,-14.82352749065,-2.8235,1,-12,-7.1571722977267,-1.1572,1,-6,,,0,,0,,,0,,,,0,,,,0,,0,,,0,,,,0,,,,0,,0,,,0,,,,0,,1456.8729698289,1536.7944533933,1,1456.8729698289,1536.7944533933,100,1,1456.8729698289,1536.7944533933,1,1456.8729698289,1536.7944533933,100,1,1456.8729698289,1536.7944533933,1,1456.8729698289,1536.7944533933,100,1,,,0,,,,0,,,0,,,,0,,,0,,,,0,3,0,16,4,6,0,1,,,,,,,0,1,1,0,8,0,0,0,92,,,,,,,0,0,0,1,0,0,0,0,D,0
5290,2026-08-24T18:45:00+00:00,18,15,282,285,core_v1,0,,0,0,,,0,0,0,,,0,0,,,0,0,0,,,,0,29,0,,,,0,25,0,,2,9,4,15,100,5,5,10,6,2.5,8.5,4,18,100,5,5,7,6,1516.0707538298,108.08192453257,1624.1526783624,1.33,15.22,4.78,2.22,0.89,13.33,3.78,0.6667,0.1111,-0.44,0.2222,9,9,9,,,0,,0,,,0,,,,0,,,,0,,0,,,0,,,,0,,,,0,,0,,,0,,,,0,,,,0,,0,,,0,,,,0,,,,0,,0,,,0,,,,0,,,,0,,0,,,0,,,,0,,,,0,,,,0,,,0,,,,0,,,0,,,,0,,,0,,,,0,,,0,,,,0,,,0,,,,0,,,,,,,0,,,,,,,0,0,0,0,94,0,0,0,92,,,,,,,0,0,0,0,4,4,1,1,H,4
5670,2026-08-24T19:00:00+00:00,19,16,297,302,core_v1,0,,0,0,,,0,0,0,,,0,0,,,0,0,0,,,,0,24,0,,,,0,24,0,,1,10,4,15,100,5,5,8,8,2.75,8.25,4,17,100,5,5,8,4,1520.6878255397,-12.273028020054,1508.4147975197,0.56,11.67,3.56,2.78,2.22,15.44,4.89,0.1111,0.1111,1.66,0.7778,9,9,9,,,0,,0,,,0,,,,0,,,,0,,0,,,0,,,,0,,,,0,,0,,,0,,,,0,,,,0,,0,,,0,,,,0,,,,0,,0,,,0,,,,0,,,,0,,0,,,0,,,,0,,,,0,,,,0,,,0,,,,0,,,0,,,,0,,,0,,,,0,,,0,,,,0,,,0,,,,0,,,,,,,0,,,,,,,0,0,0,0,92,0,0,0,92,,,,,,,3,1,1,0,-1,2,0,1,A,5
6057,2026-08-24T19:30:00+00:00,20,17,319,327,core_v1,1,,0,0,,,0,0,0,,,0,0,,,0,0,0,,,,0,23,0,,,,0,22,0,,,,0,11,100,1,1,0,0,,,0,11,100,1,1,0,0,1497.6845129975,-3.6025917205216,1494.081921277,1.13,9.6,3.8,2.47,1.33,13.13,4.47,0.2,0.4,0.2,0.4,15,15,15,-0.35539413929991,-0.3554,1,0,1,-4.9397821477495,-1.9398,1,-3,-3.7949850576748,-0.795,1,-3,-0.35539413929991,-0.3554,1,0,1,-4.9397821477495,-1.9398,1,-3,-3.7949850576748,-0.795,1,-3,,,0,,0,,,0,,,,0,,-1.495691175223,0.5043,1,-2,1,-7.2474243464398,2.7526,1,-10,-3.8719060450996,1.1281,1,-5,-1.495691175223,0.5043,1,-2,1,-7.2474243464398,2.7526,1,-10,-3.8719060450996,1.1281,1,-5,,,0,,0,,,0,,,,0,,1478.0659037114,1454.8342360824,1,1478.0659037114,1454.8342360824,100,1,1478.0659037114,1454.8342360824,1,1478.0659037114,1454.8342360824,100,1,,,0,,,,0,1590.5924696901,1787.4722007547,1,1590.5924696901,1787.4722007547,100,1,1590.5924696901,1787.4722007547,1,1590.5924696901,1787.4722007547,100,1,,,0,,,,0,1,1,11,8,6,3,1,2,0,15,5,6,1,1,1,1,0,7,1,1,1,5,,,,,,,1,0,1,1,0,1,0,0,D,2
6058,2026-08-25T19:00:00+00:00,20,17,317,326,core_v1,1,,0,0,,,0,0,0,,,0,0,,,0,0,0,,,,0,38,0,,,,0,39,0,,6,5,4,25,100,5,5,5,1,4,7,4,23,100,5,5,6,1,1576.2319277358,-62.526307316692,1513.7056204191,1.13,9.38,3.81,2.44,1.31,13.13,4.31,0.1875,0.4375,0.18,0.375,16,16,16,0.62264430434914,-0.3774,1,1,1,6.9403491480836,-2.0597,1,9,3.1558888954616,-0.8441,1,4,0.62264430434914,-0.3774,1,1,1,6.9403491480836,-2.0597,1,9,3.1558888954616,-0.8441,1,4,,,0,,0,,,0,,,,0,,0.020132508183808,0.0201,1,0,1,1.1098855485949,0.1099,1,1,-0.95496537109146,0.045,1,-1,0.020132508183808,0.0201,1,0,1,1.1098855485949,0.1099,1,1,-0.95496537109146,0.045,1,-1,0.020132508183808,0.0201,1,0,1,1.1098855485949,0.1099,1,1,-0.95496537109146,0.045,1,-1,1475.1913544508,1653.5294223816,1,1475.1913544508,1653.5294223816,100,1,1475.1913544508,1653.5294223816,1,1475.1913544508,1653.5294223816,100,1,,,0,,,,0,1527.2186062616,1582.2182112765,1,1527.2186062616,1582.2182112765,100,1,1527.2186062616,1582.2182112765,1,1527.2186062616,1582.2182112765,100,1,1527.2186062616,1582.2182112765,1,1527.2186062616,1582.2182112765,100,1,0,1,9,18,3,7,1,0,0,7,8,3,2,1,1,1,1,4,1,1,1,3,,,,,,,1,1,0,0,-1,0,0,0,A,1
6059,2026-08-26T19:00:00+00:00,20,17,324,329,core_v1,1,,0,0,,,0,0,0,,,0,0,,,0,0,0,,,,0,34,0,,,,0,39,0,,5.5,5.5,4,23,100,5,5,3,1,4.5,6.5,4,22,100,5,5,5,3,1469.3839807966,217.68057534567,1687.0645561423,1.12,9.71,3.76,2.35,1.24,13.29,4.24,0.2353,0.4118,0.12,0.3529,17,17,17,-0.6497740504719,0.3502,1,-1,1,-7.0884264273139,1.9116,1,-9,-3.2165757228488,0.7834,1,-4,-0.6497740504719,0.3502,1,-1,1,-7.0884264273139,1.9116,1,-9,-3.2165757228488,0.7834,1,-4,-0.6497740504719,0.3502,1,-1,1,-7.0884264273139,1.9116,1,-9,-3.2165757228488,0.7834,1,-4,0.55192106387654,-0.4481,1,1,1,10.554333555452,-2.4457,1,13,3.9976873012631,-1.0023,1,5,0.55192106387654,-0.4481,1,1,1,10.554333555452,-2.4457,1,13,3.9976873012631,-1.0023,1,5,,,0,,0,,,0,,,,0,,1570.4245540816,1640.1785250203,1,1570.4245540816,1640.1785250203,100,1,1570.4245540816,1640.1785250203,1,1570.4245540816,1640.1785250203,100,1,1570.4245540816,1640.1785250203,1,1570.4245540816,1640.1785250203,100,1,1465.9343858026,1536.7944533933,1,1465.9343858026,1536.7944533933,100,1,1465.9343858026,1536.7944533933,1,1465.9343858026,1536.7944533933,100,1,,,0,,,,0,1,0,18,9,7,3,1,1,2,8,21,3,8,1,1,1,1,5,1,1,1,3,,,,,,,1,0,1,0,3,4,1,1,H,5
6060,2026-08-27T18:30:00+00:00,20,17,321,330,core_v1,1,,0,0,,,0,0,0,,,0,0,,,0,0,0,,,,0,32,0,,,,0,36,0,,2,9,4,18,100,5,5,11,4,6,5,4,24,100,5,5,5,0,1461.0368761703,67.550484624241,1528.5873607946,1.11,9.72,3.72,2.5,1.39,13.67,4.61,0.2222,0.3889,0.28,0.3889,18,18,18,-0.37801133337118,-0.378,1,0,1,-1.0632293981123,-2.0632,1,1,5.1544222922365,-0.8456,1,6,-0.37801133337118,-0.378,1,0,1,-1.0632293981123,-2.0632,1,1,5.1544222922365,-0.8456,1,6,,,0,,0,,,0,,,,0,,-0.072649419021932,-0.0726,1,0,1,-1.3965288970176,-0.3965,1,-1,0.83748971582659,-0.1625,1,1,-0.072649419021932,-0.0726,1,0,1,-1.3965288970176,-0.3965,1,-1,0.83748971582659,-0.1625,1,1,,,0,,0,,,0,,,,0,,1475.1055379953,1478.9381769425,1,1475.1055379953,1478.9381769425,100,1,1475.1055379953,1478.9381769425,1,1475.1055379953,1478.9381769425,100,1,,,0,,,,0,1515.074374952,1559.4131919443,1,1515.074374952,1559.4131919443,100,1,1515.074374952,1559.4131919443,1,1515.074374952,1559.4131919443,100,1,,,0,,,,0,0,0,11,12,1,7,1,0,0,8,7,2,3,1,1,1,1,3,1,1,1,5,,,,,,,2,1,1,0,-1,1,0,1,A,3
6061,2026-08-27T19:00:00+00:00,20,17,314,316,core_v1,1,,0,0,,,0,0,0,,,0,0,,,0,0,0,,,,0,35,0,,,,0,37,0,,6,5,4,26,100,5,5,3,2,4.25,6.75,4,23,100,5,5,5,3,1480.661149469,245.2863882345,1725.9475377035,1.16,9.89,3.79,2.53,1.37,13.16,4.47,0.2632,0.3684,0.21,0.3684,19,19,19,-2.4916070668808,-0.4916,1,-2,1,8.3167520040669,-2.6832,1,11,2.9003187469905,-1.0997,1,4,-2.4916070668808,-0.4916,1,-2,1,8.3167520040669,-2.6832,1,11,2.9003187469905,-1.0997,1,4,,,0,,0,,,0,,,,0,,4.6622961813991,-0.3377,1,5,1,2.1567736602542,-1.8432,1,4,4.2445866151977,-0.7554,1,5,4.6622961813991,-0.3377,1,5,1,2.1567736602542,-1.8432,1,4,4.2445866151977,-0.7554,1,5,,,0,,0,,,0,,,,0,,1460.2369864888,1578.7980104875,1,1460.2369864888,1578.7980104875,100,1,1460.2369864888,1578.7980104875,1,1460.2369864888,1578.7980104875,100,1,,,0,,,,0,1480.3813907139,1454.8342360824,1,1480.3813907139,1454.8342360824,100,1,1480.3813907139,1454.8342360824,1,1480.3813907139,1454.8342360824,100,1,,,0,,,,0,3,1,7,18,4,8,1,0,5,7,11,2,7,1,1,1,1,5,1,1,1,3,,,,,,,0,0,0,0,2,2,1,0,H,2
6062,2026-08-28T17:00:00+00:00,20,17,333,332,core_v1,2,,0,0,,,0,0,0,,,0,0,,,0,0,0,,,,0,24,0,,,,0,25,0,,1,10,1,12,100,2,2,0,0,1,10,1,12,100,2,2,0,0,1475.1510410796,17.12705429157,1492.2780953712,1.1,9.65,3.6,2.5,1.4,13.6,4.75,0.25,0.35,0.3,0.4,20,20,20,-1.8446779852308,0.6553,2,-2.5,2,3.0768230387274,3.5768,2,-0.5,0.46589701994848,1.4659,2,-1,-1.8446779852308,0.6553,2,-2.5,2,3.0768230387274,3.5768,2,-0.5,0.46589701994848,1.4659,2,-1,-0.18781764365516,-0.1878,1,0,1,1.9748696674843,-1.0251,1,3,2.579868647897,-0.4201,1,3,-0.37940056660876,0.1206,2,-0.5,2,0.15824559848358,0.6582,2,-0.5,-0.73022980148479,0.2698,2,-1,-0.37940056660876,0.1206,2,-0.5,2,0.15824559848358,0.6582,2,-0.5,-0.73022980148479,0.2698,2,-1,0.60028029709156,0.6003,1,0,1,8.2763990037589,3.2764,1,5,-2.6572264034955,1.3428,1,-4,1610.3585940346,1701.0293394831,2,1610.3585940346,1701.0293394831,100,2,1610.3585940346,1701.0293394831,2,1610.3585940346,1701.0293394831,100,2,1500,1522.0041568726,1,1500,1522.0041568726,100,1,1540.3687273621,1583.8974894595,2,1540.3687273621,1583.8974894595,100,2,1540.3687273621,1583.8974894595,2,1540.3687273621,1583.8974894595,100,2,1603.154180726,1679.813885591,1,1603.154180726,1679.813885591,100,1,3,0.5,9.5,9,5,4,2,1.5,1,12,11.5,4,3,2,2,2,1,4,2,2,1,4,,,,,,,2,0,1,0,1,3,1,1,H,5
6421,2026-08-28T18:30:00+00:00,21,18,334,344,core_v1,0,,0,0,,,0,0,0,,,0,0,,,0,0,0,,,,,0,0,,,,,0,0,,,,0,0,,0,0,0,0,,,0,0,,0,0,0,0,1577.9195899759,165.36992202443,1743.2895120004,,,,,,,,,,,,0,0,0,,,0,,0,,,0,,,,0,,,,0,,0,,,0,,,,0,,,,0,,0,,,0,,,,0,,,,0,,0,,,0,,,,0,,,,0,,0,,,0,,,,0,,,,0,,0,,,0,,,,0,,,,0,,,,0,,,0,,,,0,,,0,,,,0,,,0,,,,0,,,0,,,,0,,,0,,,,0,,,,,,,0,,,,,,,0,0,0,0,104,0,0,0,104,,,,,,,1,0,1,0,4,5,1,1,H,6
5291,2026-08-28T18:45:00+00:00,18,15,276,289,core_v1,1,,0,0,,,0,0,0,,,0,0,,,0,0,0,,,,0,48,0,,,,0,44,0,,4.25,6.75,4,25,100,5,5,7,1,3.25,7.75,4,23,100,5,5,7,2,1406.6008022272,183.48583689966,1590.0866391269,1.2,14.6,4.7,2.4,1.2,13.7,4.2,0.6,0.1,0,0.3,10,10,10,-2.6790298517373,-0.679,1,-2,1,3.2937768563551,-3.7062,1,7,0.48107065887551,-1.5189,1,2,-2.6790298517373,-0.679,1,-2,1,3.2937768563551,-3.7062,1,7,0.48107065887551,-1.5189,1,2,,,0,,0,,,0,,,,0,,0.5852807268692,-0.4147,1,1,1,8.73641443854,-2.2636,1,11,2.072309898193,-0.9277,1,3,0.5852807268692,-0.4147,1,1,1,8.73641443854,-2.2636,1,11,2.072309898193,-0.9277,1,3,,,0,,0,,,0,,,,0,,1434.0633149406,1471.1442161029,1,1434.0633149406,1471.1442161029,100,1,1434.0633149406,1471.1442161029,1,1434.0633149406,1471.1442161029,100,1,,,0,,,,0,1468.6589404127,1585.7316538201,1,1468.6589404127,1585.7316538201,100,1,1468.6589404127,1585.7316538201,1,1468.6589404127,1585.7316538201,100,1,,,0,,,,0,2,0,12,19,5,7,1,1,2,8,19,1,4,1,1,1,1,5,1,1,1,5,,,,,,,0,0,0,0,2,2,1,0,H,2
6737,2026-08-28T18:45:00+00:00,22,19,353,357,core_v1,1,,0,0,,,0,0,0,,,0,0,,,0,0,0,,,,0,35,0,,,,0,38,0,,6.5,4.5,4,22,100,5,5,1,0,4.5,6.5,4,25,100,5,5,6,2,1678.6379984907,-76.419048284726,1602.218950206,1.22,13,4.33,2.67,1.44,13.11,4,0.3333,0.4444,0.22,0.2222,9,9,9,0.17893475864693,0.1789,1,0,1,10.976646522981,0.9766,1,10,2.4002611289628,0.4003,1,2,0.17893475864693,0.1789,1,0,1,10.976646522981,0.9766,1,10,2.4002611289628,0.4003,1,2,0.17893475864693,0.1789,1,0,1,10.976646522981,0.9766,1,10,2.4002611289628,0.4003,1,2,1.2811031017215,-0.7189,1,2,1,-12.923822075683,-3.9238,1,-9,4.3918916241387,-1.6081,1,6,1.2811031017215,-0.7189,1,2,1,-12.923822075683,-3.9238,1,-9,4.3918916241387,-1.6081,1,6,,,0,,0,,,0,,,,0,,1552.8318560862,1627.0732489559,1,1552.8318560862,1627.0732489559,100,1,1552.8318560862,1627.0732489559,1,1552.8318560862,1627.0732489559,100,1,1552.8318560862,1627.0732489559,1,1552.8318560862,1627.0732489559,100,1,1435.3146235043,1433.0569346057,1,1435.3146235043,1433.0569346057,100,1,1435.3146235043,1433.0569346057,1,1435.3146235043,1433.0569346057,100,1,,,0,,,,0,2,2,9,19,3,5,1,0,2,20,11,2,8,1,1,1,1,5,1,1,1,5,,,,,,,2,0,1,1,0,2,0,1,D,4
5671,2026-08-28T19:00:00+00:00,19,16,305,303,core_v1,1,,0,0,,,0,0,0,,,0,0,,,0,0,0,,,,0,33,0,,,,0,34,0,,4.5,6.5,4,22,100,5,5,5,2,3.3333333333333,7.6666666666667,3,28,80,5,4,8,3,1656.4253971312,-175.87543819676,1480.5499589344,0.8,12.3,3.8,3,2.2,15.3,5,0.2,0.1,1.4,0.7,10,10,10,1.3228612628362,0.3229,1,1,1,9.7622139607681,1.7622,1,8,2.7222119086218,0.7222,1,2,1.3228612628362,0.3229,1,1,1,9.7622139607681,1.7622,1,8,2.7222119086218,0.7222,1,2,,,0,,0,,,0,,,,0,,-2.2409644510231,-0.241,1,-2,1,-6.315211728752,-1.3152,1,-5,-1.539016029841,-0.539,1,-1,-2.2409644510231,-0.241,1,-2,1,-6.315211728752,-1.3152,1,-5,-1.539016029841,-0.539,1,-1,,,0,,0,,,0,,,,0,,1570.7957954028,1762.2625409573,1,1570.7957954028,1762.2625409573,100,1,1570.7957954028,1762.2625409573,1,1570.7957954028,1762.2625409573,100,1,,,0,,,,0,1496.996618196,1705.7151747319,1,1496.996618196,1705.7151747319,100,1,1496.996618196,1705.7151747319,1,1496.996618196,1705.7151747319,100,1,,,0,,,,0,1,2,5,13,4,6,1,2,0,16,11,5,4,1,1,1,1,5,1,1,1,6,,,,,,,4,1,1,0,-3,1,0,1,A,5
6063,2026-08-28T19:30:00+00:00,20,17,325,318,core_v1,2,,0,0,,,0,0,0,,,0,0,,,0,0,0,,,,0,36,0,,,,0,40,0,,4.75,6.25,4,23,100,5,5,5,0,3,8,4,23,100,5,5,3,3,1603.476933697,-121.26018498034,1482.2167487167,1.14,10.05,3.76,2.62,1.48,13.57,4.81,0.2381,0.3333,0.34,0.4286,21,21,21,0.1808526512828,0.1809,2,0,2,-4.512885398103,0.9871,2,-5.5,3.4045512840868,0.4046,2,3,0.1808526512828,0.1809,2,0,2,-4.512885398103,0.9871,2,-5.5,3.4045512840868,0.4046,2,3,0.1808526512828,0.1809,2,0,2,-4.512885398103,0.9871,2,-5.5,3.4045512840868,0.4046,2,3,1.3207557284411,-0.1792,2,1.5,2,8.5216641198943,-0.9783,2,9.5,2.5990465182013,-0.401,2,3,1.3207557284411,-0.1792,2,1.5,2,8.5216641198943,-0.9783,2,9.5,2.5990465182013,-0.401,2,3,2.7075920487133,-0.2924,1,3,1,10.40400372138,-1.596,1,12,5.3459094388103,-0.6541,1,6,1548.2552742065,1649.1601499958,2,1548.2552742065,1649.1601499958,100,2,1548.2552742065,1649.1601499958,2,1548.2552742065,1649.1601499958,100,2,1548.2552742065,1649.1601499958,2,1548.2552742065,1649.1601499958,100,2,1501.1221691225,1483.4164696665,2,1501.1221691225,1483.4164696665,100,2,1501.1221691225,1483.4164696665,2,1501.1221691225,1483.4164696665,100,2,1486.3101691582,1487.9810933281,1,1486.3101691582,1487.9810933281,100,1,2,2,18,12.5,3.5,6.5,2,0.5,2,7,16.5,2.5,5.5,2,2,2,1,5,2,2,0,8,,,,,,,0,0,0,0,1,1,1,0,H,1
5672,2026-08-29T11:30:00+00:00,19,16,298,310,core_v1,1,,0,0,,,0,0,0,,,0,0,,,0,0,0,,,,0,31,0,,,,0,34,0,,1.5,9.5,4,16,100,5,5,11,6,5,6,4,24,100,5,5,6,2,1497.1835973241,77.213008437425,1574.3966057615,1.09,12.82,4.27,3.18,2.09,14.73,4.64,0.2727,0.0909,1,0.6364,11,11,11,-1.107246440193,-0.1072,1,-1,1,0.41463657643363,-0.5854,1,1,-1.239900741217,-0.2399,1,-1,-1.107246440193,-0.1072,1,-1,1,0.41463657643363,-0.5854,1,1,-1.239900741217,-0.2399,1,-1,,,0,,0,,,0,,,,0,,-0.15043021450725,-0.1504,1,0,1,13.178934562179,-0.8211,1,14,2.663500999224,-0.3365,1,3,-0.15043021450725,-0.1504,1,0,1,13.178934562179,-0.8211,1,14,2.663500999224,-0.3365,1,3,,,0,,0,,,0,,,,0,,1514.4989756346,1710.7490157829,1,1514.4989756346,1710.7490157829,100,1,1514.4989756346,1710.7490157829,1,1514.4989756346,1710.7490157829,100,1,,,0,,,,0,1508.8466491536,1770.2812204454,1,1508.8466491536,1770.2812204454,100,1,1508.8466491536,1770.2812204454,1,1508.8466491536,1770.2812204454,100,1,,,0,,,,0,1,0,11,12,3,2,1,2,2,13,27,4,7,1,1,1,1,6,1,1,1,5,,,,,,,2,0,1,1,0,2,0,1,D,4
6422,2026-08-29T13:30:00+00:00,21,18,338,349,core_v1,0,,0,0,,,0,0,0,,,0,0,,,0,0,0,,,,,0,0,,,,,0,0,,,,0,0,,0,0,0,0,,,0,0,,0,0,0,0,1495.7080561105,12.056920268793,1507.7649763793,1,11,4,6,5,21,9,0,0,4,1,1,1,1,,,0,,0,,,0,,,,0,,,,0,,0,,,0,,,,0,,,,0,,0,,,0,,,,0,,,,0,,0,,,0,,,,0,,,,0,,0,,,0,,,,0,,,,0,,0,,,0,,,,0,,,,0,,,,0,,,0,,,,0,,,0,,,,0,,,0,,,,0,,,0,,,,0,,,0,,,,0,,,,,,,0,,,,,,,0,0,0,0,95,0,0,0,105,,,,,,,0,0,0,1,0,0,0,0,D,0
6423,2026-08-29T13:30:00+00:00,21,18,345,337,core_v1,0,,0,0,,,0,0,0,,,0,0,,,0,0,0,,,,,0,0,,,,,0,0,,,,0,0,,0,0,0,0,,,0,0,,0,0,0,0,1472.9639644963,107.91078606774,1580.874750564,1,11,4,6,5,21,9,0,0,4,1,1,1,1,,,0,,0,,,0,,,,0,,,,0,,0,,,0,,,,0,,,,0,,0,,,0,,,,0,,,,0,,0,,,0,,,,0,,,,0,,0,,,0,,,,0,,,,0,,0,,,0,,,,0,,,,0,,,,0,,,0,,,,0,,,0,,,,0,,,0,,,,0,,,0,,,,0,,,0,,,,0,,,,,,,0,,,,,,,0,0,0,0,105,0,0,0,105,,,,,,,0,0,0,0,3,3,1,1,H,3
6424,2026-08-29T13:30:00+00:00,21,18,351,341,core_v1,0,,0,0,,,0,0,0,,,0,0,,,0,0,0,,,,,0,0,,,,,0,0,,,,0,0,,0,0,0,0,,,0,0,,0,0,0,0,1595.9257962945,-110.26013378334,1485.6656625111,1,11,4,6,5,21,9,0,0,4,1,1,1,1,,,0,,0,,,0,,,,0,,,,0,,0,,,0,,,,0,,,,0,,0,,,0,,,,0,,,,0,,0,,,0,,,,0,,,,0,,0,,,0,,,,0,,,,0,,0,,,0,,,,0,,,,0,,,,0,,,0,,,,0,,,0,,,,0,,,0,,,,0,,,0,,,,0,,,0,,,,0,,,,,,,0,,,,,,,0,0,0,0,105,0,0,0,459,,,,,,,2,0,1,0,1,3,1,1,H,5
6725,2026-08-29T13:30:00+00:00,21,18,348,342,core_v1,0,,0,0,,,0,0,0,,,0,0,,,0,0,0,,,,,0,0,,,,,0,0,,,,0,0,,0,0,0,0,,,0,0,,0,0,0,0,1509.4049925935,-48.884313965522,1460.520678628,1,11,4,6,5,21,9,0,0,4,1,1,1,1,,,0,,0,,,0,,,,0,,,,0,,0,,,0,,,,0,,,,0,,0,,,0,,,,0,,,,0,,0,,,0,,,,0,,,,0,,0,,,0,,,,0,,,,0,,0,,,0,,,,0,,,,0,,,,0,,,0,,,,0,,,0,,,,0,,,0,,,,0,,,0,,,,0,,,0,,,,0,,,,,,,0,,,,,,,0,0,0,0,105,0,0,0,105,,,,,,,3,0,1,1,0,3,0,1,D,6
6726,2026-08-29T13:30:00+00:00,21,18,350,340,core_v1,0,,0,0,,,0,0,0,,,0,0,,,0,0,0,,,,,0,0,,,,,0,0,,,,0,0,,0,0,0,0,,,0,0,,0,0,0,0,1536.9395140788,-98.564560661834,1438.374953417,1,11,4,6,5,21,9,0,0,4,1,1,1,1,,,0,,0,,,0,,,,0,,,,0,,0,,,0,,,,0,,,,0,,0,,,0,,,,0,,,,0,,0,,,0,,,,0,,,,0,,0,,,0,,,,0,,,,0,,0,,,0,,,,0,,,,0,,,,0,,,0,,,,0,,,0,,,,0,,,0,,,,0,,,0,,,,0,,,0,,,,0,,,,,,,0,,,,,,,0,0,0,0,105,0,0,0,105,,,,,,,2,0,1,0,1,3,1,1,H,5
6039,2026-08-29T14:00:00+00:00,19,16,296,300,core_v1,1,,0,0,,,0,0,0,,,0,0,,,0,0,0,,,,0,33,0,,,,0,32,0,,4,7,3,26,80,5,4,9,4,3.75,7.25,4,21,100,5,5,8,2,1505.0532299027,59.553533838071,1564.6067637408,1.17,12.75,4.17,3.25,2.08,14.58,4.58,0.25,0.1667,0.91,0.5833,12,12,12,1.6949355856568,-0.3051,1,2,1,3.3349232882055,-1.6651,1,5,0.31759805744442,-0.6824,1,1,1.6949355856568,-0.3051,1,2,1,3.3349232882055,-1.6651,1,5,0.31759805744442,-0.6824,1,1,,,0,,0,,,0,,,,0,,-0.070212781856384,0.9298,1,-1,1,-2.9251142674622,5.0749,1,-8,0.079851251056858,2.0799,1,-2,-0.070212781856384,0.9298,1,-1,1,-2.9251142674622,5.0749,1,-8,0.079851251056858,2.0799,1,-2,,,0,,0,,,0,,,,0,,1488.6065706411,1763.4716482625,1,1488.6065706411,1763.4716482625,100,1,1488.6065706411,1763.4716482625,1,1488.6065706411,1763.4716482625,100,1,,,0,,,,0,1650.2363654692,1899.0389305899,1,1650.2363654692,1899.0389305899,100,1,1650.2363654692,1899.0389305899,1,1650.2363654692,1899.0389305899,100,1,,,0,,,,0,0,2,11,16,4,5,1,2,1,13,5,6,4,1,1,1,1,7,1,1,1,6,,,,,,,1,0,1,1,0,1,0,0,D,2
6040,2026-08-29T14:00:00+00:00,19,16,313,309,core_v1,1,,0,0,,,0,0,0,,,0,0,,,0,0,0,,,,0,20,0,,,,0,20,0,,,,0,11,100,1,1,0,0,,,0,11,100,1,1,0,0,1510.8956964539,-14.949504400522,1495.9461920534,1.17,12.75,4.17,3.25,2.08,14.58,4.58,0.25,0.1667,0.91,0.5833,12,12,12,2.4787746484884,0.4788,1,2,1,-10.386792821732,2.6132,1,-13,0.07097627521815,1.071,1,-1,2.4787746484884,0.4788,1,2,1,-10.386792821732,2.6132,1,-13,0.07097627521815,1.071,1,-1,,,0,,0,,,0,,,,0,,-1.8587286980498,1.1413,1,-3,1,-9.7708097786228,6.2292,1,-16,-2.4470776766586,2.5529,1,-5,-1.8587286980498,1.1413,1,-3,1,-9.7708097786228,6.2292,1,-16,-2.4470776766586,2.5529,1,-5,,,0,,0,,,0,,,,0,,1591.2033066138,1833.5799762424,1,1591.2033066138,1833.5799762424,100,1,1591.2033066138,1833.5799762424,1,1591.2033066138,1833.5799762424,100,1,,,0,,,,0,1677.9175282711,1888.1646052842,1,1677.9175282711,1888.1646052842,100,1,1677.9175282711,1888.1646052842,1,1677.9175282711,1888.1646052842,100,1,,,0,,,,0,0,2,21,8,5,4,1,3,0,20,4,6,1,1,1,1,0,7,1,1,0,7,,,,,,,1,1,0,0,-1,0,0,0,A,1
6041,2026-08-29T15:00:00+00:00,20,17,322,326,core_v1,2,,0,0,,,0,0,0,,,0,0,,,0,0,0,,,,0,39,0,,,,0,26,0,,5.75,5.25,4,29,100,5,5,4,1,3,8,1,14,100,2,2,0,0,1586.1592160476,-109.70107738007,1476.4581386676,1.09,10.45,3.86,2.55,1.45,13.36,4.68,0.2273,0.3182,0.36,0.4545,22,22,22,0.76976880034787,-0.2302,2,1,2,2.7433715935218,-1.2566,2,4,1.4849932981604,-0.515,2,2,0.76976880034787,-0.2302,2,1,2,2.7433715935218,-1.2566,2,4,1.4849932981604,-0.515,2,2,0.91689329634661,-0.0831,1,1,1,-1.4536059610401,-0.4536,1,-1,-0.1859022991409,-0.1859,1,0,-1.9962350973699,-0.4962,2,-1.5,2,-9.2085083194145,-2.7085,2,-6.5,-7.1100337452948,-1.11,2,-6,-1.9962350973699,-0.4962,2,-1.5,2,-9.2085083194145,-2.7085,2,-6.5,-7.1100337452948,-1.11,2,-6,,,0,,0,,,0,,,,0,,1494.448487435,1606.4713071629,2,1494.448487435,1606.4713071629,100,2,1494.448487435,1606.4713071629,2,1494.448487435,1606.4713071629,100,2,1513.7056204191,1559.4131919443,1,1513.7056204191,1559.4131919443,100,1,1459.6312233358,1499.6664092133,2,1459.6312233358,1499.6664092133,100,2,1459.6312233358,1499.6664092133,2,1459.6312233358,1499.6664092133,100,2,,,0,,,,0,0,1,12.5,16.5,3,5,2,1.5,0,14,7.5,6.5,0.5,2,2,2,1,3,2,2,1,4,,,,,,,2,0,1,0,3,5,1,1,H,7
6727,2026-08-29T15:15:00+00:00,22,19,360,368,core_v1,1,,0,0,,,0,0,0,,,0,0,,,0,0,0,,,,0,44,0,,,,0,36,0,,4,7,4,25,100,5,5,7,0,3.25,7.75,4,21,100,5,5,9,0,1606.2121638468,-55.703153990205,1550.5090098566,1.3,13.5,4.3,2.8,1.5,12.7,4,0.3,0.5,0.2,0.2,10,10,10,2.5541094486521,-0.4459,1,3,1,-0.43372198837785,-2.4337,1,2,4.0025825232284,-0.9974,1,5,2.5541094486521,-0.4459,1,3,1,-0.43372198837785,-2.4337,1,2,4.0025825232284,-0.9974,1,5,,,0,,0,,,0,,,,0,,-3.6827289065712,0.3173,1,-4,1,-7.2682978277514,1.7317,1,-9,-5.2902928027883,0.7097,1,-6,-3.6827289065712,0.3173,1,-4,1,-7.2682978277514,1.7317,1,-9,-5.2902928027883,0.7097,1,-6,,,0,,0,,,0,,,,0,,1471.0484385476,1486.4292145254,1,1471.0484385476,1486.4292145254,100,1,1471.0484385476,1486.4292145254,1,1471.0484385476,1486.4292145254,100,1,,,0,,,,0,1570.9387061885,1589.7017978167,1,1570.9387061885,1589.7017978167,100,1,1570.9387061885,1589.7017978167,1,1570.9387061885,1589.7017978167,100,1,,,0,,,,0,2,5,10,12,4,9,1,4,0,14,5,8,2,1,1,1,1,7,1,1,0,7,,,,,,,1,0,1,0,1,2,1,1,H,3
5292,2026-08-29T16:30:00+00:00,18,15,275,286,core_v1,1,,0,0,,,0,0,0,,,0,0,,,0,0,0,,,,0,43,0,,,,0,26,0,,3,8,4,21,100,5,5,8,2,,,0,11,100,1,1,0,0,1460.170984824,23.316549371589,1483.4875341956,1.09,14.09,4.45,2.36,1.27,13.91,4.27,0.5455,0.0909,0.18,0.3636,11,11,11,-0.55185963565118,0.4481,1,-1,1,-8.5539982731223,2.446,1,-11,-1.9975498917904,1.0025,1,-3,-0.55185963565118,0.4481,1,-1,1,-8.5539982731223,2.446,1,-11,-1.9975498917904,1.0025,1,-3,,,0,,0,,,0,,,,0,,-0.59969572934637,0.4003,1,-1,1,10.184906817573,2.1849,1,8,1.8954450242762,0.8954,1,1,-0.59969572934637,0.4003,1,-1,1,10.184906817573,2.1849,1,8,1.8954450242762,0.8954,1,1,,,0,,0,,,0,,,,0,,1581.5986835383,1733.5162889776,1,1581.5986835383,1733.5162889776,100,1,1581.5986835383,1733.5162889776,1,1581.5986835383,1733.5162889776,100,1,,,0,,,,0,1575.33741473,1720.8880094527,1,1575.33741473,1720.8880094527,100,1,1575.33741473,1720.8880094527,1,1575.33741473,1720.8880094527,100,1,,,0,,,,0,2,1,19,8,4,1,1,2,1,14,22,7,8,1,1,1,1,5,1,1,1,5,,,,,,,1,0,1,0,1,2,1,1,H,3
5293,2026-08-29T16:30:00+00:00,18,15,285,288,core_v1,1,,0,0,,,0,0,0,,,0,0,,,0,0,0,,,,0,23,0,,,,0,46,0,,,,0,11,100,1,1,0,0,3.75,7.25,4,22,100,5,5,7,3,1491.5288350247,19.03456590765,1510.5634009323,1.09,14.09,4.45,2.36,1.27,13.91,4.27,0.5455,0.0909,0.18,0.3636,11,11,11,-0.3078515552842,0.6921,1,-1,1,-5.2221740648366,3.7778,1,-9,-1.4517255340062,1.5483,1,-3,-0.3078515552842,0.6921,1,-1,1,-5.2221740648366,3.7778,1,-9,-1.4517255340062,1.5483,1,-3,,,0,,0,,,0,,,,0,,-3.2267471151949,0.7733,1,-4,1,-3.7794966889563,4.2205,1,-8,-2.2703021202461,1.7297,1,-4,-3.2267471151949,0.7733,1,-4,1,-3.7794966889563,4.2205,1,-8,-2.2703021202461,1.7297,1,-4,,,0,,0,,,0,,,,0,,1613.5369139528,1773.5129432934,1,1613.5369139528,1773.5129432934,100,1,1613.5369139528,1773.5129432934,1,1613.5369139528,1773.5129432934,100,1,,,0,,,,0,1624.1526783624,1736.7230433592,1,1624.1526783624,1736.7230433592,100,1,1624.1526783624,1736.7230433592,1,1624.1526783624,1736.7230433592,100,1,,,0,,,,0,1,0,20,11,5,2,1,4,0,17,9,8,4,1,1,1,1,6,1,1,1,4,,,,,,,3,1,0,0,-3,0,0,1,A,3
5294,2026-08-29T16:30:00+00:00,18,15,293,279,core_v1,1,,0,0,,,0,0,0,,,0,0,,,0,0,0,,,,0,42,0,,,,0,43,0,,3.5,7.5,4,23,100,5,5,7,2,3,8,4,23,100,5,5,9,1,1482.9958614751,-141.95067802947,1341.0451834456,1.09,14.09,4.45,2.36,1.27,13.91,4.27,0.5455,0.0909,0.18,0.3636,11,11,11,0.5761290506423,0.5761,1,0,1,0.14457871881987,3.1446,1,-3,-1.7112505922151,1.2887,1,-3,0.5761290506423,0.5761,1,0,1,0.14457871881987,3.1446,1,-3,-1.7112505922151,1.2887,1,-3,,,0,,0,,,0,,,,0,,-1.670431073514,1.3296,1,-3,1,1.2569403448255,7.2569,1,-6,0.97412734995364,2.9741,1,-2,-1.670431073514,1.3296,1,-3,1,1.2569403448255,7.2569,1,-6,0.97412734995364,2.9741,1,-2,,,0,,0,,,0,,,,0,,1598.3511293882,1751.6065343163,1,1598.3511293882,1751.6065343163,100,1,1598.3511293882,1751.6065343163,1,1598.3511293882,1751.6065343163,100,1,,,0,,,,0,1696.9689141845,1798.2427833957,1,1696.9689141845,1798.2427833957,100,1,1696.9689141845,1798.2427833957,1,1696.9689141845,1798.2427833957,100,1,,,0,,,,0,1,1,20,17,6,3,1,4,1,13,7,5,3,1,1,1,1,7,1,1,1,7,,,,,,,3,1,1,0,-1,2,0,1,A,5
5673,2026-08-29T16:30:00+00:00,19,16,301,295,core_v1,1,,0,0,,,0,0,0,,,0,0,,,0,0,0,,,,0,35,0,,,,0,35,0,,3.25,7.75,4,23,100,5,5,9,1,5.5,5.5,4,27,100,5,5,4,2,1509.0111084347,-81.38829396978,1427.6228144649,1.14,12.29,4.21,3,1.86,14.5,4.5,0.2857,0.2143,0.72,0.5,14,14,14,0.35162792288456,0.3516,1,0,1,-12.080774295251,1.9192,1,-14,-2.2134396332334,0.7866,1,-3,0.35162792288456,0.3516,1,0,1,-12.080774295251,1.9192,1,-14,-2.2134396332334,0.7866,1,-3,,,0,,0,,,0,,,,0,,-3.0013264400823,-0.0013,1,-3,1,-17.007239862753,-0.0072,1,-17,-4.0029671284039,-0.003,1,-4,-3.0013264400823,-0.0013,1,-3,1,-17.007239862753,-0.0072,1,-17,-4.0029671284039,-0.003,1,-4,,,0,,0,,,0,,,,0,,1574.5610650426,1849.8215842853,1,1574.5610650426,1849.8215842853,100,1,1574.5610650426,1849.8215842853,1,1574.5610650426,1849.8215842853,100,1,,,0,,,,0,1528.3628499946,1764.9149583671,1,1528.3628499946,1764.9149583671,100,1,1528.3628499946,1764.9149583671,1,1528.3628499946,1764.9149583671,100,1,,,0,,,,0,2,2,27,13,7,4,1,3,0,26,9,8,4,1,1,1,1,6,1,1,1,7,,,,,,,2,1,0,0,-2,0,0,0,A,2
6425,2026-08-29T16:30:00+00:00,21,18,339,347,core_v1,0,,0,0,,,0,0,0,,,0,0,,,0,0,0,,,,,0,0,,,,,0,0,,,,0,0,,0,0,0,0,,,0,0,,0,0,0,0,1479.2733066958,154.90529204922,1634.178598745,1.33,14,3.17,4.17,2.83,19.17,7.67,0,0.3333,1.5,0.6667,6,6,6,,,0,,0,,,0,,,,0,,,,0,,0,,,0,,,,0,,,,0,,0,,,0,,,,0,,,,0,,0,,,0,,,,0,,,,0,,0,,,0,,,,0,,,,0,,0,,,0,,,,0,,,,0,,,,0,,,0,,,,0,,,0,,,,0,,,0,,,,0,,,0,,,,0,,,0,,,,0,,,,,,,0,,,,,,,0,0,0,0,105,0,0,0,105,,,,,,,0,0,0,0,2,2,1,0,H,2
6064,2026-08-29T17:00:00+00:00,20,17,329,323,core_v1,2,,0,0,,,0,0,0,,,0,0,,,0,0,0,,,,0,39,0,,,,0,36,0,,2.5,8.5,4,20,100,5,5,4,4,5.25,5.75,4,25,100,5,5,3,1,1460.1291890541,5.8908465969243,1466.020035651,1.13,10.87,3.96,2.74,1.61,13.61,4.91,0.2174,0.3043,0.48,0.4783,23,23,23,1.4441108733904,0.4441,2,1,2,1.924008301097,2.424,2,-0.5,1.4934364955815,0.9934,2,0.5,1.4441108733904,0.4441,2,1,2,1.924008301097,2.424,2,-0.5,1.4934364955815,0.9934,2,0.5,,,0,,0,,,0,,,,0,,-1.2042092425999,0.7958,2,-2,2,-5.1564823843479,4.3435,2,-9.5,-4.2198869052399,1.7801,2,-6,-1.2042092425999,0.7958,2,-2,2,-5.1564823843479,4.3435,2,-9.5,-4.2198869052399,1.7801,2,-6,,,0,,0,,,0,,,,0,,1582.7131566814,1690.5457031248,2,1582.7131566814,1690.5457031248,100,2,1582.7131566814,1690.5457031248,2,1582.7131566814,1690.5457031248,100,2,,,0,,,,0,1628.7445551119,1771.1658771637,2,1628.7445551119,1771.1658771637,100,2,1628.7445551119,1771.1658771637,2,1628.7445551119,1771.1658771637,100,2,,,0,,,,0,1,2,12.5,12,4,4.5,2,2.5,0.5,19,9.5,9,3,2,2,2,1,6,2,2,1,2,,,,,,,1,0,1,0,1,2,1,1,H,3
5295,2026-08-29T18:45:00+00:00,18,15,281,290,core_v1,1,,0,0,,,0,0,0,,,0,0,,,0,0,0,,,,0,43,0,,,,0,42,0,,3.5,7.5,2,24,80,5,4,3,0,3.5,7.5,4,21,100,5,5,7,3,1464.8502231717,157.15785575648,1622.0080789281,1.36,13.5,4.57,2.64,1.29,15.14,4.5,0.5714,0.0714,-0.07,0.3571,14,14,14,-1.5061370377063,-0.5061,1,-1,1,-3.7625542503079,-2.7626,1,-1,-4.1321835045027,-1.1322,1,-3,-1.5061370377063,-0.5061,1,-1,1,-3.7625542503079,-2.7626,1,-1,-4.1321835045027,-1.1322,1,-3,,,0,,0,,,0,,,,0,,0.82472642211648,-0.1753,1,1,1,8.0433366233321,-0.9567,1,9,2.6079286065407,-0.3921,1,3,0.82472642211648,-0.1753,1,1,1,8.0433366233321,-0.9567,1,9,2.6079286065407,-0.3921,1,3,,,0,,0,,,0,,,,0,,1456.6932644211,1528.2206913173,1,1456.6932644211,1528.2206913173,100,1,1456.6932644211,1528.2206913173,1,1456.6932644211,1528.2206913173,100,1,,,0,,,,0,1500,1491.0374993391,1,1500,1491.0374993391,100,1,1500,1491.0374993391,1,1500,1491.0374993391,100,1,,,0,,,,0,1,0,14,13,5,2,1,0,1,11,20,2,5,1,1,1,1,7,1,1,1,6,,,,,,,0,0,0,0,2,2,1,0,H,2
6738,2026-08-29T18:45:00+00:00,22,19,354,366,core_v1,1,,0,0,,,0,0,0,,,0,0,,,0,0,0,,,,0,41,0,,,,0,39,0,,3.5,7.5,4,23,100,5,5,9,0,4.25,6.75,4,25,100,5,5,7,0,1443.3318562853,136.63049553211,1579.9623518174,1.27,13.82,4.55,2.82,1.55,13,4.27,0.2727,0.4545,0.28,0.2727,11,11,11,-0.77239572104509,0.2276,1,-1,1,1.2422903707356,1.2423,1,0,-2.4908694859503,0.5091,1,-3,-0.77239572104509,0.2276,1,-1,1,1.2422903707356,1.2423,1,0,-2.4908694859503,0.5091,1,-3,,,0,,0,,,0,,,,0,,1.7682576186101,-0.2317,1,2,1,-7.264876610466,-1.2649,1,-6,0.48161291911599,-0.5184,1,1,1.7682576186101,-0.2317,1,2,1,-7.264876610466,-1.2649,1,-6,0.48161291911599,-0.5184,1,1,,,0,,0,,,0,,,,0,,1559.2022121474,1671.9436085977,1,1559.2022121474,1671.9436085977,100,1,1559.2022121474,1671.9436085977,1,1559.2022121474,1671.9436085977,100,1,,,0,,,,0,1499.0783037253,1515.5188062552,1,1499.0783037253,1515.5188062552,100,1,1499.0783037253,1515.5188062552,1,1499.0783037253,1515.5188062552,100,1,,,0,,,,0,1,0,15,15,7,4,1,0,2,17,11,2,3,1,1,1,1,6,1,1,1,7,,,,,,,1,0,1,1,0,1,0,0,D,2
6739,2026-08-29T18:45:00+00:00,22,19,362,365,core_v1,1,,0,0,,,0,0,0,,,0,0,,,0,0,0,,,,0,20,0,,,,0,20,0,,,,0,11,100,1,1,0,0,,,0,11,100,1,1,0,0,1498.8545328919,12.746437432751,1511.6009703246,1.27,13.82,4.55,2.82,1.55,13,4.27,0.2727,0.4545,0.28,0.2727,11,11,11,-0.071694705483859,-0.0717,1,0,1,-1.3913179605598,-0.3913,1,-1,0.83962532503676,-0.1604,1,1,-0.071694705483859,-0.0717,1,0,1,-1.3913179605598,-0.3913,1,-1,0.83962532503676,-0.1604,1,1,,,0,,0,,,0,,,,0,,-0.39417837495622,-0.3942,1,0,1,-6.1514709732558,-2.1515,1,-4,0.11825805916206,-0.8817,1,1,-0.39417837495622,-0.3942,1,0,1,-6.1514709732558,-2.1515,1,-4,0.11825805916206,-0.8817,1,1,,,0,,0,,,0,,,,0,,1520.0269524041,1582.391521521,1,1520.0269524041,1582.391521521,100,1,1520.0269524041,1582.391521521,1,1520.0269524041,1582.391521521,100,1,,,0,,,,0,1477.8170480229,1550.041650651,1,1477.8170480229,1550.041650651,100,1,1477.8170480229,1550.041650651,1,1477.8170480229,1550.041650651,100,1,,,0,,,,0,0,0,10,9,1,2,1,0,0,14,10,1,2,1,1,1,1,7,1,1,1,7,,,,,,,2,1,1,0,-1,1,0,1,A,3
6740,2026-08-29T18:45:00+00:00,22,19,363,361,core_v1,1,,0,0,,,0,0,0,,,0,0,,,0,0,0,,,,0,39,0,,,,0,36,0,,2.75,8.25,4,21,100,5,5,8,2,3.75,7.25,4,23,100,5,5,5,2,1489.4007404764,-12.172249624442,1477.228490852,1.27,13.82,4.55,2.82,1.55,13,4.27,0.2727,0.4545,0.28,0.2727,11,11,11,-1.6877248371878,0.3123,1,-2,1,7.7044338074958,1.7044,1,6,-0.3014682549136,0.6985,1,-1,-1.6877248371878,0.3123,1,-2,1,7.7044338074958,1.7044,1,6,-0.3014682549136,0.6985,1,-1,,,0,,0,,,0,,,,0,,-0.22470062185129,-0.2247,1,0,1,16.773558124189,-1.2264,1,18,1.4973647084505,-0.5026,1,2,-0.22470062185129,-0.2247,1,0,1,16.773558124189,-1.2264,1,18,1.4973647084505,-0.5026,1,2,,,0,,0,,,0,,,,0,,1570.2847885685,1642.5458415692,1,1570.2847885685,1642.5458415692,100,1,1570.2847885685,1642.5458415692,1,1570.2847885685,1642.5458415692,100,1,,,0,,,,0,1500,1306.6248524416,1,1500,1306.6248524416,100,1,1500,1306.6248524416,1,1500,1306.6248524416,100,1,,,0,,,,0,2,0,11,17,3,2,1,2,2,8,26,5,7,1,1,1,1,7,1,1,1,7,,,,,,,2,0,1,1,0,2,0,1,D,4
6741,2026-08-29T18:45:00+00:00,22,19,364,352,core_v1,1,,0,0,,,0,0,0,,,0,0,,,0,0,0,,,,0,35,0,,,,0,41,0,,3.5,7.5,4,21,100,5,5,8,1,4.25,6.75,4,25,100,5,5,6,2,1428.1079008926,37.925413878259,1466.0333147709,1.27,13.82,4.55,2.82,1.55,13,4.27,0.2727,0.4545,0.28,0.2727,11,11,11,-1.4988072030302,0.5012,1,-2,1,11.735568014874,2.7356,1,9,-4.8788763219616,1.1211,1,-6,-1.4988072030302,0.5012,1,-2,1,11.735568014874,2.7356,1,9,-4.8788763219616,1.1211,1,-6,,,0,,0,,,0,,,,0,,-2.4515552357152,0.5484,1,-3,1,0.99347469511466,2.9935,1,-2,-3.7731778767504,1.2268,1,-5,-2.4515552357152,0.5484,1,-3,1,0.99347469511466,2.9935,1,-2,-3.7731778767504,1.2268,1,-5,,,0,,0,,,0,,,,0,,1595.0122275944,1631.6948426329,1,1595.0122275944,1631.6948426329,100,1,1595.0122275944,1631.6948426329,1,1595.0122275944,1631.6948426329,100,1,,,0,,,,0,1601.1970400702,1606.3530794574,1,1601.1970400702,1606.3530794574,100,1,1601.1970400702,1606.3530794574,1,1601.1970400702,1606.3530794574,100,1,,,0,,,,0,2,0,11,20,8,2,1,5,2,12,10,9,4,1,1,1,1,6,1,1,0,7,,,,,,,3,1,1,0,-2,1,0,1,A,4
6065,2026-08-29T19:30:00+00:00,20,17,320,315,core_v1,2,,0,0,,,0,0,0,,,0,0,,,0,0,0,,,,0,39,0,,,,0,46,0,,5.5,5.5,4,29,100,5,5,3,1,4,7,4,27,100,5,5,2,1,1594.9520665097,-122.09940606483,1472.8526604449,1.13,10.88,3.92,2.75,1.63,13.75,5.13,0.2083,0.2917,0.5,0.5,24,24,24,1.2015108421966,0.2015,2,1,2,9.099869387382,1.0999,2,8,1.9507618184738,0.4508,2,1.5,1.2015108421966,0.2015,2,1,2,9.099869387382,1.0999,2,8,1.9507618184738,0.4508,2,1.5,,,0,,0,,,0,,,,0,,1.3873981594566,-0.1126,2,1.5,2,-2.6145938155316,-0.6146,2,-2,-1.7518802951423,-0.2519,2,-1.5,1.3873981594566,-0.1126,2,1.5,2,-2.6145938155316,-0.6146,2,-2,-1.7518802951423,-0.2519,2,-1.5,1.0139790316002,0.014,1,1,1,7.0762991646241,0.0763,1,7,1.0312698494826,0.0313,1,1,1550.9592258968,1545.544928283,2,1550.9592258968,1545.544928283,100,2,1550.9592258968,1545.544928283,2,1550.9592258968,1545.544928283,100,2,,,0,,,,0,1509.8450004073,1552.1545241509,2,1509.8450004073,1552.1545241509,100,2,1509.8450004073,1552.1545241509,2,1509.8450004073,1552.1545241509,100,2,1526.4131773894,1478.8518460049,1,1526.4131773894,1478.8518460049,100,1,1,2,9,17,3.5,5,2,1,2.5,12,10,5.5,4,2,2,2,1,6,2,2,0,7,,,,,,,3,1,1,0,-2,1,0,1,A,4
5674,2026-08-30T13:00:00+00:00,19,16,302,304,core_v1,1,,0,0,,,0,0,0,,,0,0,,,0,0,0,,,,0,37,0,,,,0,34,0,,3.5,7.5,4,22,100,5,5,6,2,2.75,8.25,4,21,100,5,5,8,3,1542.3371239304,-10.284181657938,1532.0529422724,1.2,12.2,4.07,2.93,1.73,14.67,4.6,0.3333,0.2,0.53,0.4667,15,15,15,4.3687475944167,0.3687,1,4,1,17.012666843871,2.0127,1,15,6.8248555482437,0.8249,1,6,4.3687475944167,0.3687,1,4,1,17.012666843871,2.0127,1,15,6.8248555482437,0.8249,1,6,,,0,,0,,,0,,,,0,,0.84627043900952,-0.1537,1,1,1,3.1609263490441,-0.8391,1,4,-0.34387934519991,-0.3439,1,0,0.84627043900952,-0.1537,1,1,1,3.1609263490441,-0.8391,1,4,-0.34387934519991,-0.3439,1,0,,,0,,0,,,0,,,,0,,1576.8018597458,1761.726382416,1,1576.8018597458,1761.726382416,100,1,1576.8018597458,1761.726382416,1,1576.8018597458,1761.726382416,100,1,,,0,,,,0,1508.4147975197,1706.7393284134,1,1508.4147975197,1706.7393284134,100,1,1508.4147975197,1706.7393284134,1,1508.4147975197,1706.7393284134,100,1,,,0,,,,0,0,4,6,21,0,6,1,2,3,14,18,6,6,1,1,1,1,7,1,1,1,5,,,,,,,3,0,1,0,1,4,1,1,H,7
5675,2026-08-30T13:00:00+00:00,19,16,308,306,core_v1,1,,0,0,,,0,0,0,,,0,0,,,0,0,0,,,,0,29,0,,,,0,20,0,,1.75,9.25,4,18,100,5,5,11,4,,,0,11,100,1,1,0,0,1534.1775293071,-8.1301574808783,1526.0473718262,1.2,12.2,4.07,2.93,1.73,14.67,4.6,0.3333,0.2,0.53,0.4667,15,15,15,2.2734438384188,-0.7266,1,3,1,13.034372782993,-3.9656,1,17,2.3747585338452,-1.6252,1,4,2.2734438384188,-0.7266,1,3,1,13.034372782993,-3.9656,1,17,2.3747585338452,-1.6252,1,4,,,0,,0,,,0,,,,0,,0.84869381641961,-0.1513,1,1,1,-1.8258465779192,-0.8258,1,-1,0.66154153437318,-0.3385,1,1,0.84869381641961,-0.1513,1,1,1,-1.8258465779192,-0.8258,1,-1,0.66154153437318,-0.3385,1,1,,,0,,0,,,0,,,,0,,1433.4374937775,1816.3500515882,1,1433.4374937775,1816.3500515882,100,1,1433.4374937775,1816.3500515882,1,1433.4374937775,1816.3500515882,100,1,,,0,,,,0,1508.7319935158,1747.44295531,1,1508.7319935158,1747.44295531,100,1,1508.7319935158,1747.44295531,1,1508.7319935158,1747.44295531,100,1,,,0,,,,0,0,3,9,26,4,8,1,0,1,12,11,2,3,1,1,1,0,7,1,1,0,7,,,,,,,1,0,1,1,0,1,0,0,D,2
5676,2026-08-30T13:00:00+00:00,19,16,312,297,core_v1,1,,0,0,,,0,0,0,,,0,0,,,0,0,0,,,,0,32,0,,,,0,20,0,,4.25,6.75,4,21,100,5,5,8,1,,,0,11,100,1,1,0,0,1497.049680787,12.441176600292,1509.4908573873,1.2,12.2,4.07,2.93,1.73,14.67,4.6,0.3333,0.2,0.53,0.4667,15,15,15,-1.0599636269173,-0.06,1,-1,1,-4.3272883825196,-0.3273,1,-4,-0.13413329633718,-0.1341,1,0,-1.0599636269173,-0.06,1,-1,1,-4.3272883825196,-0.3273,1,-4,-0.13413329633718,-0.1341,1,0,,,0,,0,,,0,,,,0,,-2.244593450905,-1.2446,1,-1,1,-5.7931344113533,-6.7931,1,1,-1.7840447743412,-2.784,1,1,-2.244593450905,-1.2446,1,-1,1,-5.7931344113533,-6.7931,1,1,-1.7840447743412,-2.784,1,1,,,0,,0,,,0,,,,0,,1520.6878255397,1856.9319201195,1,1520.6878255397,1856.9319201195,100,1,1520.6878255397,1856.9319201195,1,1520.6878255397,1856.9319201195,100,1,,,0,,,,0,1365.6315658555,1679.3381621687,1,1365.6315658555,1679.3381621687,100,1,1365.6315658555,1679.3381621687,1,1365.6315658555,1679.3381621687,100,1,,,0,,,,0,3,2,18,14,6,6,1,2,1,10,11,3,4,1,1,1,1,5,1,1,0,7,,,,,,,0,0,0,0,1,1,1,0,H,1
6742,2026-08-30T13:00:00+00:00,22,19,367,356,core_v1,1,,0,0,,,0,0,0,,,0,0,,,0,0,0,,,,0,36,0,,,,0,20,0,,3.5,7.5,4,23,100,5,5,6,2,,,0,11,100,1,1,0,0,1477.0417324127,44.130687099515,1521.1724195122,1.47,13.07,4.27,2.93,1.47,14.67,4.8,0.3333,0.4667,0,0.2,15,15,15,-0.141992619833,-0.142,1,0,1,3.2249879257806,-0.775,1,4,-1.3176248524798,-0.3176,1,-1,-0.141992619833,-0.142,1,0,1,3.2249879257806,-0.775,1,4,-1.3176248524798,-0.3176,1,-1,,,0,,0,,,0,,,,0,,-0.22470062185129,-0.2247,1,0,1,-0.22644187581136,-1.2264,1,1,-1.5026352915495,-0.5026,1,-1,-0.22470062185129,-0.2247,1,0,1,-0.22644187581136,-1.2264,1,1,-1.5026352915495,-0.5026,1,-1,,,0,,0,,,0,,,,0,,1510.8256547144,1484.2792328451,1,1510.8256547144,1484.2792328451,100,1,1510.8256547144,1484.2792328451,1,1510.8256547144,1484.2792328451,100,1,,,0,,,,0,1500,1363.6027322793,1,1500,1363.6027322793,100,1,1500,1363.6027322793,1,1500,1363.6027322793,100,1,,,0,,,,0,0,0,10,14,2,1,1,0,0,9,10,2,1,1,1,1,0,7,1,1,0,7,,,,,,,0,0,0,0,3,3,1,1,H,3
6426,2026-08-30T13:30:00+00:00,21,18,335,336,core_v1,0,,0,0,,,0,0,0,,,0,0,,,0,0,0,,,,,0,0,,,,,0,0,,,,0,0,,0,0,0,0,,,0,0,,0,0,0,0,1441.8704605285,79.210824182668,1521.0812847112,1.14,13.14,3.14,3.86,2.71,19.29,7.43,0,0.2857,1.57,0.7143,7,7,7,,,0,,0,,,0,,,,0,,,,0,,0,,,0,,,,0,,,,0,,0,,,0,,,,0,,,,0,,0,,,0,,,,0,,,,0,,0,,,0,,,,0,,,,0,,0,,,0,,,,0,,,,0,,,,0,,,0,,,,0,,,0,,,,0,,,0,,,,0,,,0,,,,0,,,0,,,,0,,,,,,,0,,,,,,,0,0,0,0,106,0,0,0,106,,,,,,,1,0,1,0,3,4,1,1,H,5
6066,2026-08-30T15:00:00+00:00,20,17,324,319,core_v1,2,,0,0,,,0,0,0,,,0,0,,,0,0,0,,,,0,23,0,,,,0,38,0,,1,10,1,12,100,2,2,0,0,3.75,7.25,4,22,100,5,5,4,3,1492.4727818698,197.95571941813,1690.428501288,1.2,10.92,3.96,2.8,1.6,14,5.12,0.24,0.28,0.4,0.48,25,25,25,-0.85059956978859,0.1494,2,-1,2,-0.68455524347958,0.8154,2,-1.5,-3.1658045350376,0.3342,2,-3.5,-0.85059956978859,0.1494,2,-1,2,-0.68455524347958,0.8154,2,-1.5,-3.1658045350376,0.3342,2,-3.5,-1.495691175223,0.5043,1,-2,1,-7.2474243464398,2.7526,1,-10,-3.8719060450996,1.1281,1,-5,1.5650985167538,-0.4349,2,2,2,9.1262576110778,-2.3737,2,11.5,5.5271640904873,-0.9728,2,6.5,1.5650985167538,-0.4349,2,2,2,9.1262576110778,-2.3737,2,11.5,5.5271640904873,-0.9728,2,6.5,2.5782759696311,-0.4217,1,3,1,7.6981816667038,-2.3018,1,10,7.0566408797115,-0.9434,1,8,1544.1384913438,1654.7381788136,2,1544.1384913438,1654.7381788136,100,2,1544.1384913438,1654.7381788136,2,1544.1384913438,1654.7381788136,100,2,1590.5924696901,1787.4722007547,1,1590.5924696901,1787.4722007547,100,1,1467.6591832996,1595.1619378874,2,1467.6591832996,1595.1619378874,100,2,1467.6591832996,1595.1619378874,2,1467.6591832996,1595.1619378874,100,2,1469.3839807966,1653.5294223816,1,1469.3839807966,1653.5294223816,100,1,1.5,0.5,10.5,9,5,1.5,2,1,3,9,20.5,3,9.5,2,2,2,1,5,2,2,1,3,,,,,,,0,0,0,0,4,4,1,1,H,4
6743,2026-08-30T15:15:00+00:00,22,19,359,369,core_v1,1,,0,0,,,0,0,0,,,0,0,,,0,0,0,,,,0,20,0,,,,0,38,0,,,,0,11,100,1,1,0,0,5.25,5.75,4,26,100,5,5,5,1,1497.5964240218,57.160568883922,1554.7569929057,1.38,13.25,4.25,2.94,1.56,14.69,4.75,0.3125,0.4375,0.18,0.25,16,16,16,-0.41703827221583,-0.417,1,0,1,-20.276242925576,-2.2762,1,-18,-2.9328774963571,-0.9329,1,-2,-0.41703827221583,-0.417,1,0,1,-20.276242925576,-2.2762,1,-18,-2.9328774963571,-0.9329,1,-2,,,0,,0,,,0,,,,0,,1.1548017319194,1.1548,1,0,1,-3.6969591333721,6.303,1,-10,0.58318869090338,2.5832,1,-2,1.1548017319194,1.1548,1,0,1,-3.6969591333721,6.303,1,-10,0.58318869090338,2.5832,1,-2,1.1548017319194,1.1548,1,0,1,-3.6969591333721,6.303,1,-10,0.58318869090338,2.5832,1,-2,1474.8249148738,1445.6391572028,1,1474.8249148738,1445.6391572028,100,1,1474.8249148738,1445.6391572028,1,1474.8249148738,1445.6391572028,100,1,,,0,,,,0,1680.5631353103,1891.5104689113,1,1680.5631353103,1891.5104689113,100,1,1680.5631353103,1891.5104689113,1,1680.5631353103,1891.5104689113,100,1,1680.5631353103,1891.5104689113,1,1680.5631353103,1891.5104689113,100,1,2,2,26,8,7,5,1,2,2,19,9,5,3,1,1,1,0,7,1,1,1,6,,,,,,,2,0,1,0,1,3,1,1,H,5
5677,2026-08-30T15:30:00+00:00,19,16,294,307,core_v1,1,,0,0,,,0,0,0,,,0,0,,,0,0,0,,,,0,39,0,,,,0,37,0,,4,7,4,25,100,5,5,5,2,4.5,6.5,4,26,100,5,5,5,0,1378.341622918,201.96598724184,1580.3076101598,1.22,12.83,4,3,1.78,14.5,4.5,0.2778,0.2222,0.56,0.5,18,18,18,0.95159637235574,-0.0484,1,1,1,-1.2641925749693,-0.2642,1,-1,-1.1082746068639,-0.1083,1,-1,0.95159637235574,-0.0484,1,1,1,-1.2641925749693,-0.2642,1,-1,-1.1082746068639,-0.1083,1,-1,,,0,,0,,,0,,,,0,,-2.2180186140409,-0.218,1,-2,1,11.810029292473,-1.19,1,13,0.51231176518852,-0.4877,1,1,-2.2180186140409,-0.218,1,-2,1,11.810029292473,-1.19,1,13,0.51231176518852,-0.4877,1,1,,,0,,0,,,0,,,,0,,1522.2009144498,1715.8436949304,1,1522.2009144498,1715.8436949304,100,1,1522.2009144498,1715.8436949304,1,1522.2009144498,1715.8436949304,100,1,,,0,,,,0,1500,1638.5792996056,1,1500,1638.5792996056,100,1,1500,1638.5792996056,1,1500,1638.5792996056,100,1,,,0,,,,0,1,2,11,10,4,3,1,2,0,8,21,4,5,1,1,1,0,8,1,1,0,8,,,,,,,2,0,1,0,3,5,1,1,H,7
6427,2026-08-30T15:30:00+00:00,21,18,343,346,core_v1,0,,0,0,,,0,0,0,,,0,0,,,0,0,0,,,,,0,0,,,,,0,0,,,,0,0,,0,0,0,0,,,0,0,,0,0,0,0,1500,-6.6017740903594,1493.3982259096,1.13,12.63,3.13,4,2.88,19.25,7.13,0,0.25,1.75,0.75,8,8,8,,,0,,0,,,0,,,,0,,,,0,,0,,,0,,,,0,,,,0,,0,,,0,,,,0,,,,0,,0,,,0,,,,0,,,,0,,0,,,0,,,,0,,,,0,,0,,,0,,,,0,,,,0,,,,0,,,0,,,,0,,,0,,,,0,,,0,,,,0,,,0,,,,0,,,0,,,,0,,,,,,,0,,,,,,,0,0,0,0,,0,0,0,106,,,,,,,0,0,0,0,3,3,1,1,H,3
5296,2026-08-30T16:30:00+00:00,18,15,278,292,core_v1,1,,0,0,,,0,0,0,,,0,0,,,0,0,0,,,,0,49,0,,,,0,35,0,,4.75,6.25,4,26,100,5,5,6,0,1.25,9.75,4,16,100,5,5,10,6,1596.7256390035,49.549966137993,1646.2756051415,1.27,12.87,4.47,2.6,1.33,15.53,4.6,0.5333,0.0667,0.06,0.4,15,15,15,-0.3176039427526,-0.3176,1,0,1,1.2664810978032,-1.7335,1,3,2.2895482484762,-0.7105,1,3,-0.3176039427526,-0.3176,1,0,1,1.2664810978032,-1.7335,1,3,2.2895482484762,-0.7105,1,3,-0.3176039427526,-0.3176,1,0,1,1.2664810978032,-1.7335,1,3,2.2895482484762,-0.7105,1,3,1.5349561585483,-0.465,1,2,1,-0.53826285190275,-2.5383,1,2,0.95973831800916,-1.0403,1,2,1.5349561585483,-0.465,1,2,1,-0.53826285190275,-2.5383,1,2,0.95973831800916,-1.0403,1,2,,,0,,0,,,0,,,,0,,1481.3703710904,1562.1141652209,1,1481.3703710904,1562.1141652209,100,1,1481.3703710904,1562.1141652209,1,1481.3703710904,1562.1141652209,100,1,1481.3703710904,1562.1141652209,1,1481.3703710904,1562.1141652209,100,1,1462.0719550303,1578.7092793402,1,1462.0719550303,1578.7092793402,100,1,1462.0719550303,1578.7092793402,1,1462.0719550303,1578.7092793402,100,1,,,0,,,,0,1,1,17,20,3,6,1,0,2,11,13,2,4,1,1,1,0,8,1,1,0,7,,,,,,,2,1,1,0,-1,1,0,1,A,3
6067,2026-08-30T17:30:00+00:00,20,17,327,317,core_v1,2,,0,0,,,0,0,0,,,0,0,,,0,0,0,,,,0,41,0,,,,0,24,0,,4,7,4,23,100,5,5,3,1,2,9,1,13,100,2,2,0,0,1503.7783321072,-4.4846797025275,1499.2936524047,1.15,11.04,3.85,2.85,1.69,14.19,5.23,0.2308,0.2692,0.54,0.5,26,26,26,-0.29263660378503,0.2074,2,-0.5,2,2.1318133013304,1.1318,2,1,-0.036146539095045,0.4639,2,-0.5,-0.29263660378503,0.2074,2,-0.5,2,2.1318133013304,1.1318,2,1,-0.036146539095045,0.4639,2,-0.5,,,0,,0,,,0,,,,0,,-0.29421295219943,-0.2942,2,0,2,-6.6058481815073,-1.6058,2,-5,-1.158128187577,-0.6581,2,-0.5,-0.29421295219943,-0.2942,2,0,2,-6.6058481815073,-1.6058,2,-5,-1.158128187577,-0.6581,2,-0.5,-0.35539413929991,-0.3554,1,0,1,-4.9397821477495,-1.9398,1,-3,-3.7949850576748,-0.795,1,-3,1551.7252669987,1611.1983681484,2,1551.7252669987,1611.1983681484,100,2,1551.7252669987,1611.1983681484,2,1551.7252669987,1611.1983681484,100,2,,,0,,,,0,1486.0739124942,1433.0551035287,2,1486.0739124942,1433.0551035287,100,2,1486.0739124942,1433.0551035287,2,1486.0739124942,1433.0551035287,100,2,1478.0659037114,1454.8342360824,1,1478.0659037114,1454.8342360824,100,1,0.5,0,11,12,3,2.5,2,1,1,12,7,4,3.5,2,2,2,1,4,2,2,1,5,,,,,,,1,0,1,0,2,3,1,1,H,4
5297,2026-08-30T18:45:00+00:00,18,15,274,280,core_v1,1,,0,0,,,0,0,0,,,0,0,,,0,0,0,,,,0,44,0,,,,0,38,0,,3.75,7.25,4,23,100,5,5,7,1,4.5,6.5,4,23,100,5,5,6,1,1455.3295838417,101.51017778201,1556.8397616237,1.31,13.38,4.56,2.63,1.31,15.38,4.44,0.5625,0.0625,0,0.375,16,16,16,-1.1092396704839,0.8908,1,-2,1,2.861872479165,4.8619,1,-2,-0.0074484252055176,1.9926,1,-2,-1.1092396704839,0.8908,1,-2,1,2.861872479165,4.8619,1,-2,-0.0074484252055176,1.9926,1,-2,,,0,,0,,,0,,,,0,,1.1139120964091,0.1139,1,1,1,-3.3782546570343,0.6217,1,-4,-1.7451887791059,0.2548,1,-2,1.1139120964091,0.1139,1,1,1,-3.3782546570343,0.6217,1,-4,-1.7451887791059,0.2548,1,-2,,,0,,0,,,0,,,,0,,1639.5332339528,1719.6618210576,1,1639.5332339528,1719.6618210576,100,1,1639.5332339528,1719.6618210576,1,1639.5332339528,1719.6618210576,100,1,,,0,,,,0,1537.8515280488,1616.0361644509,1,1537.8515280488,1616.0361644509,100,1,1537.8515280488,1616.0361644509,1,1537.8515280488,1616.0361644509,100,1,,,0,,,,0,2,0,13,11,4,2,1,0,1,14,10,5,3,1,1,1,0,8,1,1,1,6,,,,,,,0,0,0,0,1,1,1,0,H,1
5298,2026-08-30T18:45:00+00:00,18,15,277,287,core_v1,1,,0,0,,,0,0,0,,,0,0,,,0,0,0,,,,0,38,0,,,,0,43,0,,3.75,7.25,4,22,100,5,5,9,2,4.5,6.5,4,25,100,5,5,6,0,1698.6561029104,-229.68832240008,1468.9677805103,1.31,13.38,4.56,2.63,1.31,15.38,4.44,0.5625,0.0625,0,0.375,16,16,16,1.6232017455069,-1.3768,1,3,1,-1.5147234571157,-7.5147,1,6,-1.0797751530482,-3.0798,1,2,1.6232017455069,-1.3768,1,3,1,-1.5147234571157,-7.5147,1,6,-1.0797751530482,-3.0798,1,2,,,0,,0,,,0,,,,0,,0.64995943006923,-0.35,1,1,1,-0.91056174949124,-1.9106,1,1,2.2169904005083,-0.783,1,3,0.64995943006923,-0.35,1,1,1,-0.91056174949124,-1.9106,1,1,2.2169904005083,-0.783,1,3,,,0,,0,,,0,,,,0,,1342.7323721715,1505.0877327305,1,1342.7323721715,1505.0877327305,100,1,1342.7323721715,1505.0877327305,1,1342.7323721715,1505.0877327305,100,1,,,0,,,,0,1477.1247392608,1560.0477830933,1,1477.1247392608,1560.0477830933,100,1,1477.1247392608,1560.0477830933,1,1477.1247392608,1560.0477830933,100,1,,,0,,,,0,1,4,7,13,3,5,1,0,1,13,14,2,5,1,1,1,0,8,1,1,0,8,,,,,,,1,1,0,0,-1,0,0,0,A,1
6744,2026-08-30T18:45:00+00:00,22,19,358,355,core_v1,1,,0,0,,,0,0,0,,,0,0,,,0,0,0,,,,0,35,0,,,,0,38,0,,4,7,4,24,100,5,5,7,2,5.75,5.25,4,26,100,5,5,5,0,1578.8821365672,-11.030751844424,1567.8513847228,1.41,13.18,4.29,3.06,1.65,15.12,4.94,0.2941,0.4118,0.24,0.2941,17,17,17,4.2218760215468,0.2219,1,4,1,10.211024882003,1.211,1,9,6.4963169120726,0.4963,1,6,4.2218760215468,0.2219,1,4,1,10.211024882003,1.211,1,9,6.4963169120726,0.4963,1,6,,,0,,0,,,0,,,,0,,0.40843443864431,-0.5916,1,1,1,-3.228832972321,-3.2288,1,0,1.6767204916795,-1.3233,1,3,0.40843443864431,-0.5916,1,1,1,-3.228832972321,-3.2288,1,0,1.6767204916795,-1.3233,1,3,,,0,,0,,,0,,,,0,,1558.4524402354,1658.3818119122,1,1558.4524402354,1658.3818119122,100,1,1558.4524402354,1658.3818119122,1,1558.4524402354,1658.3818119122,100,1,,,0,,,,0,1451.9810288607,1424.4969586609,1,1451.9810288607,1424.4969586609,100,1,1451.9810288607,1424.4969586609,1,1451.9810288607,1424.4969586609,100,1,,,0,,,,0,0,4,5,14,2,8,1,0,1,15,15,4,7,1,1,1,0,9,1,1,0,7,,,,,,,0,0,0,0,2,2,1,0,H,2
6068,2026-08-30T19:30:00+00:00,20,17,321,316,core_v1,2,,0,0,,,0,0,0,,,0,0,,,0,0,0,,,,0,34,0,,,,0,37,0,,6,5,4,27,100,5,5,4,1,5.5,5.5,4,24,100,5,5,3,1,1477.7187480619,37.353914018367,1515.0726620802,1.15,11.07,3.85,2.89,1.74,14.07,5.19,0.2222,0.2593,0.59,0.5185,27,27,27,-1.4765927612404,0.5234,2,-2,2,-0.14318300310557,2.8568,2,-3,-1.8291845928795,1.1708,2,-3,-1.4765927612404,0.5234,2,-2,2,-0.14318300310557,2.8568,2,-3,-1.8291845928795,1.1708,2,-3,-0.46157845560011,1.5384,1,-2,1,-8.6031180102781,8.3969,1,-17,-6.5586879327495,3.4413,1,-10,-0.77907266436794,-0.2791,2,-0.5,2,-6.5232107466156,-1.5232,2,-5,-1.6242607112628,-0.6243,2,-1,-0.77907266436794,-0.2791,2,-0.5,2,-6.5232107466156,-1.5232,2,-5,-1.6242607112628,-0.6243,2,-1,-1.4854959097139,-0.4855,1,-1,1,-11.649892596214,-2.6499,1,-9,-4.0860111383523,-1.086,1,-3,1593.0922620962,1729.4262662905,2,1593.0922620962,1729.4262662905,100,2,1593.0922620962,1729.4262662905,2,1593.0922620962,1729.4262662905,100,2,1725.9475377035,1880.0545220936,1,1725.9475377035,1880.0545220936,100,1,1488.0556255612,1510.9757784888,2,1488.0556255612,1510.9757784888,100,2,1488.0556255612,1510.9757784888,2,1488.0556255612,1510.9757784888,100,2,1461.0368761703,1462.5383650333,1,1461.0368761703,1462.5383650333,100,1,2.5,0.5,14.5,11.5,7,4,2,1,0.5,10.5,5.5,3.5,2.5,2,2,2,1,3,2,2,1,3,,,,,,,2,1,0,0,-2,0,0,0,A,2
5299,2026-08-31T16:30:00+00:00,18,15,291,282,core_v1,1,,0,0,,,0,0,0,,,0,0,,,0,0,0,,,,0,39,0,,,,0,44,0,,3,8,4,22,100,5,5,8,4,2.75,8.25,4,20,100,5,5,9,3,1629.6600312599,-184.3429346329,1445.317096627,1.22,14.06,4.5,2.44,1.22,15.06,4.06,0.5556,0.0556,0,0.3889,18,18,18,3.9475069813763,-0.0525,1,4,1,7.7134870580354,-0.2865,1,8,3.8825777894922,-0.1174,1,4,3.9475069813763,-0.0525,1,4,1,7.7134870580354,-0.2865,1,8,3.8825777894922,-0.1174,1,4,,,0,,0,,,0,,,,0,,1.1971354432165,-0.8029,1,2,1,-11.38212722747,-4.3821,1,-7,-3.7959365543756,-1.7959,1,-2,1.1971354432165,-0.8029,1,2,1,-11.38212722747,-4.3821,1,-7,-3.7959365543756,-1.7959,1,-2,,,0,,0,,,0,,,,0,,1516.0707538298,1675.7561765608,1,1516.0707538298,1675.7561765608,100,1,1516.0707538298,1675.7561765608,1,1516.0707538298,1675.7561765608,100,1,,,0,,,,0,1417.8545839136,1522.4568409842,1,1417.8545839136,1522.4568409842,100,1,1417.8545839136,1522.4568409842,1,1417.8545839136,1522.4568409842,100,1,,,0,,,,0,0,4,9,17,4,8,1,0,2,19,12,7,5,1,1,1,1,6,1,1,0,8,,,,,,,4,1,0,0,-4,0,0,1,A,4
6069,2026-08-31T17:30:00+00:00,20,17,330,328,core_v1,2,,0,0,,,0,0,0,,,0,0,,,0,0,0,,,,0,43,0,,,,0,33,0,,4,7,4,27,100,5,5,2,2,3,8,4,22,100,5,5,5,2,1486.5409075594,-11.98933267473,1474.5515748847,1.18,11.29,3.96,2.86,1.68,13.86,5.07,0.25,0.25,0.5,0.5,28,28,28,-1.2947034859016,-0.2947,2,-1,2,-4.6085255709548,-1.6085,2,-3,-4.6592254678086,-0.6592,2,-4,-1.2947034859016,-0.2947,2,-1,2,-4.6085255709548,-1.6085,2,-3,-4.6592254678086,-0.6592,2,-4,-3.4110302971911,-0.411,1,-3,1,-14.243450705873,-2.2435,1,-12,-6.9194381909681,-0.9194,1,-6,0.32628922972204,-0.1737,2,0.5,2,4.0518666072525,-0.9481,2,5,4.1114244680562,-0.3886,2,4.5,0.32628922972204,-0.1737,2,0.5,2,4.0518666072525,-0.9481,2,5,4.1114244680562,-0.3886,2,4.5,-0.37801133337118,-0.378,1,0,1,-1.0632293981123,-2.0632,1,1,5.1544222922365,-0.8456,1,6,1486.0097065123,1475.0516571385,2,1486.0097065123,1475.0516571385,100,2,1486.0097065123,1475.0516571385,2,1486.0097065123,1475.0516571385,100,2,1470.7836840921,1439.25521504,1,1470.7836840921,1439.25521504,100,1,1501.8464493949,1530.5781941095,2,1501.8464493949,1530.5781941095,100,2,1501.8464493949,1530.5781941095,2,1501.8464493949,1530.5781941095,100,2,1475.1055379953,1478.9381769425,1,1475.1055379953,1478.9381769425,100,1,1.5,0.5,12,9,5.5,1.5,2,0.5,1,7.5,12.5,1.5,6,2,1,2,0,8,2,2,2,3,,,,,,,0,0,0,0,1,1,1,0,H,1
5300,2026-08-31T18:45:00+00:00,18,15,283,284,core_v1,1,,0,0,,,0,0,0,,,0,0,,,0,0,0,,,,0,44,0,,,,0,37,0,,4.25,6.75,4,24,100,5,5,7,1,3.75,7.25,4,22,100,5,5,8,1,1526.3515222424,55.01916696195,1581.3706892044,1.37,14.11,4.68,2.53,1.16,14.63,4,0.5789,0.0526,-0.21,0.3684,19,19,19,-0.82887784343901,0.1711,1,-1,1,4.9340044409154,0.934,1,4,2.3827850334591,0.3828,1,2,-0.82887784343901,0.1711,1,-1,1,4.9340044409154,0.934,1,4,2.3827850334591,0.3828,1,2,,,0,,0,,,0,,,,0,,0.7446654003556,-0.2553,1,1,1,-9.3936456551272,-1.3936,1,-8,-1.5711607732883,-0.5712,1,-1,0.7446654003556,-0.2553,1,1,1,-9.3936456551272,-1.3936,1,-8,-1.5711607732883,-0.5712,1,-1,0.7446654003556,-0.2553,1,1,1,-9.3936456551272,-1.3936,1,-8,-1.5711607732883,-0.5712,1,-1,1545.3397558173,1640.9131723895,1,1545.3397558173,1640.9131723895,100,1,1545.3397558173,1640.9131723895,1,1545.3397558173,1640.9131723895,100,1,,,0,,,,0,1489.52080867,1603.1825026327,1,1489.52080867,1603.1825026327,100,1,1489.52080867,1603.1825026327,1,1489.52080867,1603.1825026327,100,1,1489.52080867,1603.1825026327,1,1489.52080867,1603.1825026327,100,1,1,0,10,14,3,5,1,1,2,22,14,8,7,1,1,1,0,7,1,1,0,8,,,,,,,0,0,0,0,1,1,1,0,H,1
5678,2026-08-31T19:00:00+00:00,19,16,311,299,core_v1,1,,0,0,,,0,0,0,,,0,0,,,0,0,0,,,,0,37,0,,,,0,34,0,,3.75,7.25,4,21,100,5,5,9,2,3.25,7.75,4,21,100,5,5,10,2,1681.9713362177,-114.70941909721,1567.2619171205,1.26,12.63,4.05,3.21,1.95,15.47,4.84,0.2632,0.2105,0.69,0.5263,19,19,19,2.7819813859591,-0.218,1,3,1,14.810029292473,-1.19,1,16,4.5123117651885,-0.4877,1,5,2.7819813859591,-0.218,1,3,1,14.810029292473,-1.19,1,16,4.5123117651885,-0.4877,1,5,,,0,,0,,,0,,,,0,,-3.9674481488703,0.0326,1,-4,1,-14.822328247106,0.1777,1,-15,-5.9271844063082,0.0728,1,-6,-3.9674481488703,0.0326,1,-4,1,-14.822328247106,0.1777,1,-15,-5.9271844063082,0.0728,1,-6,,,0,,0,,,0,,,,0,,1500,1663.1327011963,1,1500,1663.1327011963,100,1,1500,1663.1327011963,1,1500,1663.1327011963,100,1,,,0,,,,0,1532.7971813051,1769.6363781824,1,1532.7971813051,1769.6363781824,100,1,1532.7971813051,1769.6363781824,1,1532.7971813051,1769.6363781824,100,1,,,0,,,,0,0,3,4,20,1,6,1,4,0,21,6,6,0,1,1,1,0,10,1,1,0,8,,,,,,,1,1,0,0,-1,0,0,0,A,1
6070,2026-08-31T19:30:00+00:00,20,17,314,331,core_v1,2,,0,0,,,0,0,0,,,0,0,,,0,0,0,,,,0,32,0,,,,0,37,0,,3.25,7.75,4,20,100,5,5,8,6,4.25,6.75,4,23,100,5,5,6,3,1513.2279996224,215.66193948835,1728.8899391107,1.14,11.28,3.86,2.79,1.66,13.72,4.97,0.2414,0.2414,0.52,0.5172,29,29,29,-0.95801175424045,-0.458,2,-0.5,2,-9.499880909925,-2.4999,2,-7,-1.5245315287918,-1.0245,2,-0.5,-0.95801175424045,-0.458,2,-0.5,2,-9.499880909925,-2.4999,2,-7,-1.5245315287918,-1.0245,2,-0.5,-1.5716666903122,-0.5717,1,-1,1,-10.120222642149,-3.1202,1,-7,-2.2787675048999,-1.2788,1,-1,3.1633648598437,-0.3366,2,3.5,2,8.6626066302987,-1.8374,2,10.5,6.7469771537603,-0.753,2,7.5,3.1633648598437,-0.3366,2,3.5,2,8.6626066302987,-1.8374,2,10.5,6.7469771537603,-0.753,2,7.5,1.6644335382883,-0.3356,1,2,1,15.168439600343,-1.8316,1,17,9.2493676923229,-0.7506,1,10,1464.6342787192,1509.0266127637,2,1464.6342787192,1509.0266127637,100,2,1464.6342787192,1509.0266127637,2,1464.6342787192,1509.0266127637,100,2,1449.7579781863,1578.7980104875,1,1449.7579781863,1578.7980104875,100,1,1480.5212700915,1540.1457191896,2,1480.5212700915,1540.1457191896,100,2,1480.5212700915,1540.1457191896,2,1480.5212700915,1540.1457191896,100,2,1480.661149469,1625.4572022969,1,1480.661149469,1625.4572022969,100,1,1.5,1,14,7,3.5,3,2,0,3.5,6,16.5,1,8.5,2,1,2,0,11,2,2,1,4,,,,,,,2,0,1,0,3,5,1,1,H,7
6745,2026-09-03T18:45:00+00:00,22,19,361,353,core_v1,2,,0,0,,,0,0,0,,,0,0,,,0,0,0,,,,0,39,0,,,,0,41,0,,4.5,6.5,4,25,100,5,5,3,2,2.75,8.25,4,21,100,5,5,4,3,1602.6911769146,-111.92247323749,1490.7687036771,1.33,13.17,4.17,3,1.67,14.89,4.94,0.2778,0.3889,0.34,0.3333,18,18,18,1.2105983941698,0.2106,2,1,2,-7.8505297072148,1.1495,2,-9,3.471089863398,0.4711,2,3,1.2105983941698,0.2106,2,1,2,-7.8505297072148,1.1495,2,-9,3.471089863398,0.4711,2,3,1.2811031017215,-0.7189,1,2,1,-12.923822075683,-3.9238,1,-9,4.3918916241387,-1.6081,1,6,-1.043199894465,-0.0432,2,-1,2,-7.7357899998941,-0.2358,2,-7.5,-3.0966343189015,-0.0966,2,-3,-1.043199894465,-0.0432,2,-1,2,-7.7357899998941,-0.2358,2,-7.5,-3.0966343189015,-0.0966,2,-3,-1.6877248371878,0.3123,1,-2,1,7.7044338074958,1.7044,1,6,-0.3014682549136,0.6985,1,-1,1556.9763109975,1662.2837017585,2,1556.9763109975,1662.2837017585,100,2,1556.9763109975,1662.2837017585,2,1556.9763109975,1662.2837017585,100,2,1435.3146235043,1433.0569346057,1,1435.3146235043,1433.0569346057,100,1,1523.7566397102,1544.092499386,2,1523.7566397102,1544.092499386,100,2,1523.7566397102,1544.092499386,2,1523.7566397102,1544.092499386,100,2,1570.2847885685,1642.5458415692,1,1570.2847885685,1642.5458415692,100,1,1,2,19,10,3,6,2,2,1,19,11.5,5,2,2,2,2,1,6,2,2,1,5,,,,,,,1,1,0,0,-1,0,0,0,A,1
6071,2026-09-03T19:00:00+00:00,20,17,329,321,core_v1,3,,0,0,,,0,0,0,,,0,0,,,0,0,0,,,,0,37,0,,,,0,37,0,,6.25,4.75,4,28,100,5,5,3,1,5.75,5.25,4,25,100,5,5,6,0,1502.3416947274,-28.195735613421,1474.145959114,1.17,11.27,3.9,2.93,1.77,14.13,5.1,0.2333,0.2333,0.6,0.5333,30,30,30,-1.3053972457328,-0.3054,3,-1,3,-8.0002266771891,-1.6669,3,-6.3333333333333,-3.0164797900838,-0.6831,3,-2.3333333333333,-1.3053972457328,-0.3054,3,-1,3,-8.0002266771891,-1.6669,3,-6.3333333333333,-3.0164797900838,-0.6831,3,-2.3333333333333,-0.072649419021932,-0.0726,1,0,1,-1.3965288970176,-0.3965,1,-1,0.83748971582659,-0.1625,1,1,-0.63361637482736,0.3664,3,-1,3,-2.3335693058858,1.9998,3,-4.3333333333333,-0.84709910721634,0.8196,3,-1.6666666666667,-0.63361637482736,0.3664,3,-1,3,-2.3335693058858,1.9998,3,-4.3333333333333,-0.84709910721634,0.8196,3,-1.6666666666667,0.50756936071782,-0.4924,1,1,1,3.3122568510384,-2.6877,1,6,5.8984764888308,-1.1015,1,7,1484.6099997281,1549.1362530915,3,1477.7187480619,1559.4131919443,100,3,1484.6099997281,1549.1362530915,3,1477.7187480619,1559.4131919443,100,3,1515.074374952,1559.4131919443,1,1515.074374952,1559.4131919443,100,1,1572.5394330926,1693.0420692402,3,1570.4245540816,1640.1785250203,100,3,1572.5394330926,1693.0420692402,3,1570.4245540816,1640.1785250203,100,3,1460.1291890541,1536.7944533933,1,1460.1291890541,1536.7944533933,100,1,1.33,0.33,12.67,6.33,4.67,2.33,3,2,1,16.33,12,7,5.33,3,3,3,1,3,3,3,1,5,,,,,,,0,0,0,1,0,0,0,0,D,0
6746,2026-09-04T17:00:00+00:00,22,19,354,364,core_v1,2,,0,0,,,0,0,0,,,0,0,,,0,0,0,,,,0,43,0,,,,0,39,0,,4.25,6.75,4,27,100,5,5,2,2,5.75,5.25,4,29,100,5,5,2,0,1453.2871319817,121.5514468061,1574.8385787878,1.32,13,4.26,2.89,1.58,15.37,5.21,0.3158,0.3684,0.26,0.3158,19,19,19,-2.6127557473733,-0.1128,2,-2.5,2,0.88456614326329,-0.6154,2,1.5,-2.2522245710223,-0.2522,2,-2,-2.6127557473733,-0.1128,2,-2.5,2,0.88456614326329,-0.6154,2,1.5,-2.2522245710223,-0.2522,2,-2,-2.4515552357152,0.5484,1,-3,1,0.99347469511466,2.9935,1,-2,-3.7731778767504,1.2268,1,-5,0.55530618938922,-0.4447,2,1,2,-3.9271900395902,-2.4272,2,-1.5,0.005259525741076,-0.9947,2,1,0.55530618938922,-0.4447,2,1,2,-3.9271900395902,-2.4272,2,-1.5,0.005259525741076,-0.9947,2,1,-0.65764523983163,-0.6576,1,0,1,-0.58950346871451,-3.5895,1,3,-0.47109386763384,-1.4711,1,1,1514.6524704814,1519.7050070316,2,1514.6524704814,1519.7050070316,100,2,1514.6524704814,1519.7050070316,2,1514.6524704814,1519.7050070316,100,2,1601.1970400702,1606.3530794574,1,1601.1970400702,1606.3530794574,100,1,1471.2050800053,1470.0078824581,2,1471.2050800053,1470.0078824581,100,2,1471.2050800053,1470.0078824581,2,1471.2050800053,1470.0078824581,100,2,1443.3318562853,1424.4969586609,1,1443.3318562853,1424.4969586609,100,1,4,1.5,13.5,15,7.5,5.5,2,0.5,1.5,14.5,13,3,4,2,2,2,1,5,2,2,1,5,,,,,,,1,0,1,0,2,3,1,1,H,4
6428,2026-09-04T18:30:00+00:00,21,18,344,350,core_v1,1,,0,0,,,0,0,0,,,0,0,,,0,0,0,,,,0,20,0,,,,0,20,0,,,,0,11,100,1,1,0,0,,,0,11,100,1,1,0,0,1449.4803945618,124.14691307533,1573.6273076371,1,12.44,3.33,3.89,2.89,19.78,7.78,0,0.2222,1.89,0.7778,9,9,9,1.0805412746395,0.0805,1,1,1,3.4396035539879,0.4396,1,3,2.1801636627734,0.1802,1,2,1.0805412746395,0.0805,1,1,1,3.4396035539879,0.4396,1,3,2.1801636627734,0.1802,1,2,,,0,,0,,,0,,,,0,,-2.3429447412396,1.6571,1,-4,1,-0.95560153268196,9.0444,1,-10,-1.2933148727466,3.7067,1,-5,-2.3429447412396,1.6571,1,-4,1,-0.95560153268196,9.0444,1,-10,-1.2933148727466,3.7067,1,-5,,,0,,0,,,0,,,,0,,1536.9395140788,1654.9509797355,1,1536.9395140788,1654.9509797355,100,1,1536.9395140788,1654.9509797355,1,1536.9395140788,1654.9509797355,100,1,,,0,,,,0,1743.2895120004,1851.2708709221,1,1743.2895120004,1851.2708709221,100,1,1743.2895120004,1851.2708709221,1,1743.2895120004,1851.2708709221,100,1,,,0,,,,0,2,3,15,18,4,6,1,5,1,21,11,9,4,1,1,1,1,6,1,1,1,7,,,,,,,1,0,1,0,3,4,1,1,H,5
5301,2026-09-04T18:45:00+00:00,18,15,280,292,core_v1,2,,0,0,,,0,0,0,,,0,0,,,0,0,0,,,,0,51,0,,,,0,44,0,,4.75,6.25,4,26,100,5,5,2,1,3.25,7.75,4,22,100,5,5,1,1,1609.7782409924,-160.1082579263,1449.6699830661,1.3,14.2,4.6,2.45,1.15,14.2,3.9,0.55,0.05,-0.15,0.4,20,20,20,0.81233405132251,0.3123,2,0.5,2,7.2047552277681,1.7048,2,5.5,4.1986634734426,0.6987,2,3.5,0.81233405132251,0.3123,2,0.5,2,7.2047552277681,1.7048,2,5.5,4.1986634734426,0.6987,2,3.5,0.81233405132251,0.3123,2,0.5,2,7.2047552277681,1.7048,2,5.5,4.1986634734426,0.6987,2,3.5,-0.92512873478132,0.5749,2,-1.5,2,-1.362286418898,3.1377,2,-4.5,-0.21406414625821,1.2859,2,-1.5,-0.92512873478132,0.5749,2,-1.5,2,-1.362286418898,3.1377,2,-4.5,-0.21406414625821,1.2859,2,-1.5,-1.1092396704839,0.8908,1,-2,1,2.861872479165,4.8619,1,-2,-0.0074484252055176,1.9926,1,-2,1563.822988116,1640.8879931393,2,1563.822988116,1640.8879931393,100,2,1563.822988116,1640.8879931393,2,1563.822988116,1640.8879931393,100,2,1563.822988116,1640.8879931393,2,1563.822988116,1640.8879931393,100,2,1598.1864977882,1680.2874967235,2,1598.1864977882,1680.2874967235,100,2,1598.1864977882,1680.2874967235,2,1598.1864977882,1680.2874967235,100,2,1639.5332339528,1719.6618210576,1,1639.5332339528,1719.6618210576,100,1,1,1.5,15,20.5,2.5,6,2,1.5,0,14,9.5,3,1.5,2,2,2,1,5,2,2,1,5,,,,,,,4,1,1,0,-3,1,0,1,A,5
5679,2026-09-04T19:00:00+00:00,19,16,307,298,core_v1,2,,0,0,,,0,0,0,,,0,0,,,0,0,0,,,,0,34,0,,,,0,39,0,,4,7,4,23,100,5,5,5,3,3.75,7.25,4,24,100,5,5,4,2,1570.6405736396,-195.92366595517,1374.7169076845,1.25,12.35,3.95,3.1,1.85,15.05,4.6,0.3,0.2,0.6,0.5,20,20,20,-0.19498307249606,-0.195,2,0,2,6.4357599315333,-1.0642,2,7.5,1.5638402213406,-0.4362,2,2,-0.19498307249606,-0.195,2,0,2,6.4357599315333,-1.0642,2,7.5,1.5638402213406,-0.4362,2,2,-0.15043021450725,-0.1504,1,0,1,13.178934562179,-0.8211,1,14,2.663500999224,-0.3365,1,3,-0.82643605003201,0.1736,2,-1,2,-11.552667969416,0.9473,2,-12.5,-3.1117528920219,0.3882,2,-3.5,-0.82643605003201,0.1736,2,-1,2,-11.552667969416,0.9473,2,-12.5,-3.1117528920219,0.3882,2,-3.5,0.95159637235574,-0.0484,1,1,1,-1.2641925749693,-0.2642,1,-1,-1.1082746068639,-0.1083,1,-1,1503.0151232389,1758.8620878777,2,1503.0151232389,1758.8620878777,100,2,1503.0151232389,1758.8620878777,2,1503.0151232389,1758.8620878777,100,2,1508.8466491536,1770.2812204454,1,1508.8466491536,1770.2812204454,100,1,1551.2542623048,1774.7118355864,2,1551.2542623048,1774.7118355864,100,2,1551.2542623048,1774.7118355864,2,1551.2542623048,1774.7118355864,100,2,1522.2009144498,1715.8436949304,1,1522.2009144498,1715.8436949304,100,1,2,2,12.5,20,3.5,5.5,2,3,2,22,9.5,7.5,4,2,2,2,1,6,2,2,1,5,,,,,,,2,1,0,0,-2,0,0,0,A,2
6072,2026-09-04T19:00:00+00:00,20,17,326,324,core_v1,3,,0,0,,,0,0,0,,,0,0,,,0,0,0,,,,0,38,0,,,,0,38,0,,4.25,6.75,4,26,100,5,5,4,2,6,5,4,29,100,5,5,3,0,1694.1222325629,-119.3838498997,1574.7383826632,1.13,11.13,3.84,2.84,1.71,14.19,5.1,0.2258,0.2581,0.58,0.5161,31,31,31,2.2949571477793,-0.3717,3,2.6666666666667,3,7.3044999645371,-2.0288,3,9.3333333333333,5.8351855570089,-0.8315,3,6.6666666666667,2.2949571477793,-0.3717,3,2.6666666666667,3,7.3044999645371,-2.0288,3,9.3333333333333,5.8351855570089,-0.8315,3,6.6666666666667,0.55192106387654,-0.4481,1,1,1,10.554333555452,-2.4457,1,13,3.9976873012631,-1.0023,1,5,-0.60937995451306,-0.276,3,-0.33333333333333,3,1.4933057456551,-1.5067,3,3,-0.6174917219845,-0.6175,3,0,-0.60937995451306,-0.276,3,-0.33333333333333,3,1.4933057456551,-1.5067,3,3,-0.6174917219845,-0.6175,3,0,0.62264430434914,-0.3774,1,1,1,6.9403491480836,-2.0597,1,9,3.1558888954616,-0.8441,1,4,1475.930382823,1533.8666155833,3,1469.3839807966,1536.7944533933,100,3,1475.930382823,1533.8666155833,3,1469.3839807966,1536.7944533933,100,3,1465.9343858026,1536.7944533933,1,1465.9343858026,1536.7944533933,100,1,1488.4517045125,1563.9602637561,3,1476.4581386676,1559.4131919443,100,3,1488.4517045125,1563.9602637561,3,1476.4581386676,1559.4131919443,100,3,1475.1913544508,1653.5294223816,1,1475.1913544508,1653.5294223816,100,1,0.67,3.33,10.67,20,2.33,9,3,1.67,1.33,14.67,17.67,5.33,5.33,3,3,3,1,5,3,3,1,6,,,,,,,0,0,0,0,1,1,1,0,H,1
6747,2026-09-04T19:05:00+00:00,22,19,357,358,core_v1,2,,0,0,,,0,0,0,,,0,0,,,0,0,0,,,,0,39,0,,,,0,35,0,,4.5,6.5,4,26,100,5,5,2,0,5,6,4,24,100,5,5,1,0,1576.4511959968,101.71457578543,1678.1657717822,1.3,12.75,4.2,2.95,1.65,15.65,5.3,0.3,0.35,0.35,0.35,20,20,20,1.3931966700833,-0.1068,2,1.5,2,-1.5829448766397,-0.5829,2,-1,2.7610904570318,-0.2389,2,3,1.3931966700833,-0.1068,2,1.5,2,-1.5829448766397,-0.5829,2,-1,2.7610904570318,-0.2389,2,3,0.40843443864431,-0.5916,1,1,1,-3.228832972321,-3.2288,1,0,1.6767204916795,-1.3233,1,3,0.36759345818483,0.3676,2,0,2,11.506367435381,2.0064,2,9.5,1.8222738482171,0.8223,2,1,0.36759345818483,0.3676,2,0,2,11.506367435381,2.0064,2,9.5,1.8222738482171,0.8223,2,1,,,0,,0,,,0,,,,0,,1515.4315827139,1507.0993782388,2,1515.4315827139,1507.0993782388,100,2,1515.4315827139,1507.0993782388,2,1515.4315827139,1507.0993782388,100,2,1451.9810288607,1424.4969586609,1,1451.9810288607,1424.4969586609,100,1,1577.5254031461,1629.3840457944,2,1577.5254031461,1629.3840457944,100,2,1577.5254031461,1629.3840457944,2,1577.5254031461,1629.3840457944,100,2,,,0,,,,0,0,1.5,14,13,3,6,2,2,2,9,18.5,3.5,4.5,2,2,2,1,5,2,2,0,7,,,,,,,2,1,1,0,-1,1,0,1,A,3
5680,2026-09-05T11:30:00+00:00,19,16,295,296,core_v1,2,,0,0,,,0,0,0,,,0,0,,,0,0,0,,,,0,33,0,,,,0,36,0,,3,8,4,20,100,5,5,5,2,3.25,7.75,4,23,100,5,5,2,2,1561.2954116602,-42.899131338034,1518.3962803221,1.29,12.24,4.1,3.05,1.76,15,4.62,0.3333,0.1905,0.47,0.4762,21,21,21,-0.12481235972028,0.3752,2,-0.5,2,0.04781735597702,2.0478,2,-2,-1.1607386423586,0.8393,2,-2,-0.12481235972028,0.3752,2,-0.5,2,0.04781735597702,2.0478,2,-2,-1.1607386423586,0.8393,2,-2,-0.070212781856384,0.9298,1,-1,1,-2.9251142674622,5.0749,1,-8,0.079851251056858,2.0799,1,-2,0.79032380567784,-0.2097,2,1,2,-11.144436819795,-1.1444,2,-10,-3.9690269844196,-0.469,2,-3.5,0.79032380567784,-0.2097,2,1,2,-11.144436819795,-1.1444,2,-10,-3.9690269844196,-0.469,2,-3.5,0.35162792288456,0.3516,1,0,1,-12.080774295251,1.9192,1,-14,-2.2134396332334,0.7866,1,-3,1577.644797686,1802.3770526609,2,1577.644797686,1802.3770526609,100,2,1577.644797686,1802.3770526609,2,1577.644797686,1802.3770526609,100,2,1650.2363654692,1899.0389305899,1,1650.2363654692,1899.0389305899,100,1,1501.0919397538,1833.0858179368,2,1501.0919397538,1833.0858179368,100,2,1501.0919397538,1833.0858179368,2,1501.0919397538,1833.0858179368,100,2,1574.5610650426,1849.8215842853,1,1574.5610650426,1849.8215842853,100,1,1.5,1,13,11,6.5,4.5,2,1,2,22,12,6.5,3,2,2,2,1,6,2,2,1,6,,,,,,,2,0,1,1,0,2,0,1,D,4
5302,2026-09-05T13:00:00+00:00,18,15,285,286,core_v1,2,,0,0,,,0,0,0,,,0,0,,,0,0,0,,,,0,43,0,,,,0,48,0,,3.25,7.75,4,22,100,5,5,4,2,4.75,6.25,4,27,100,5,5,3,1,1452.5240938202,45.802951945811,1498.327045766,1.43,14.48,4.81,2.57,1.14,14.05,3.81,0.5714,0.0476,-0.29,0.381,21,21,21,-0.92664422614002,0.0734,2,-1,2,-9.5996157369161,0.4004,2,-10,-2.8359096629232,0.1641,2,-3,-0.92664422614002,0.0734,2,-1,2,-9.5996157369161,0.4004,2,-10,-2.8359096629232,0.1641,2,-3,-1.3014288166289,-0.3014,1,-1,1,-10.64523320071,-1.6452,1,-9,-3.6742694340559,-0.6743,1,-3,-3.233370196745,0.2666,2,-3.5,2,3.9552961774519,1.4553,2,2.5,-2.4035728615671,0.5964,2,-3,-3.233370196745,0.2666,2,-3.5,2,3.9552961774519,1.4553,2,2.5,-2.4035728615671,0.5964,2,-3,-3.2399932782952,-0.24,1,-3,1,11.69008904386,-1.3099,1,13,-2.536843602888,-0.5368,1,-2,1532.543108867,1668.3493958052,2,1532.543108867,1668.3493958052,100,2,1532.543108867,1668.3493958052,2,1532.543108867,1668.3493958052,100,2,1483.4875341956,1603.1825026327,1,1483.4875341956,1603.1825026327,100,1,1557.8407566935,1613.8802713491,2,1557.8407566935,1613.8802713491,100,2,1557.8407566935,1613.8802713491,2,1557.8407566935,1613.8802713491,100,2,1491.5288350247,1491.0374993391,1,1491.5288350247,1491.0374993391,100,1,2,1,19,9,5.5,2.5,2,3.5,0,14.5,17,7,4,2,2,2,1,6,2,2,1,6,,,,,,,2,1,1,0,-1,1,0,1,A,3
6429,2026-09-05T13:30:00+00:00,21,18,336,345,core_v1,1,,0,0,,,0,0,0,,,0,0,,,0,0,0,,,,0,20,0,,,,0,20,0,,,,0,11,100,1,1,0,0,,,0,11,100,1,1,0,0,1586.3860358828,-150.71026067605,1435.6757752068,1,13,3.5,4,3,20,7.8,0,0.2,2,0.8,10,10,10,2.591768075829,-0.4082,1,3,1,7.7718231363968,-2.2282,1,10,6.0868215204082,-0.9132,1,7,2.591768075829,-0.4082,1,3,1,7.7718231363968,-2.2282,1,10,6.0868215204082,-0.9132,1,7,,,0,,0,,,0,,,,0,,-3.0406155977289,-0.0406,1,-3,1,-10.221684610641,-0.2217,1,-10,-2.0908534771188,-0.0909,1,-2,-3.0406155977289,-0.0406,1,-3,1,-10.221684610641,-0.2217,1,-10,-2.0908534771188,-0.0909,1,-2,,,0,,0,,,0,,,,0,,1472.9639644963,1548.9091627981,1,1472.9639644963,1548.9091627981,100,1,1472.9639644963,1548.9091627981,1,1472.9639644963,1548.9091627981,100,1,,,0,,,,0,1521.0812847112,1612.2872831172,1,1521.0812847112,1612.2872831172,100,1,1521.0812847112,1612.2872831172,1,1521.0812847112,1612.2872831172,100,1,,,0,,,,0,0,3,15,25,4,11,1,4,1,19,9,5,3,1,1,1,1,7,1,1,1,6,,,,,,,1,0,1,0,2,3,1,1,H,4
6430,2026-09-05T13:30:00+00:00,21,18,337,351,core_v1,1,,0,0,,,0,0,0,,,0,0,,,0,0,0,,,,0,20,0,,,,0,20,0,,,,0,11,100,1,1,0,0,,,0,11,100,1,1,0,0,1497.1022583764,-29.649579198958,1467.4526791775,1,13,3.5,4,3,20,7.8,0,0.2,2,0.8,10,10,10,1.5311964707674,0.5312,1,1,1,-7.1006684776176,2.8993,1,-10,3.1882392258397,1.1882,1,2,1.5311964707674,0.5312,1,1,1,-7.1006684776176,2.8993,1,-10,3.1882392258397,1.1882,1,2,,,0,,0,,,0,,,,0,,-2.5837935186134,0.4162,1,-3,1,-7.7282970845785,2.2717,1,-10,-6.0689831456941,0.931,1,-7,-2.5837935186134,0.4162,1,-3,1,-7.7282970845785,2.2717,1,-10,-6.0689831456941,0.931,1,-7,,,0,,0,,,0,,,,0,,1595.9257962945,1735.5889692916,1,1595.9257962945,1735.5889692916,100,1,1595.9257962945,1735.5889692916,1,1595.9257962945,1735.5889692916,100,1,,,0,,,,0,1580.874750564,1737.7564133399,1,1580.874750564,1737.7564133399,100,1,1580.874750564,1737.7564133399,1,1580.874750564,1737.7564133399,100,1,,,0,,,,0,2,3,21,11,4,6,1,3,0,25,15,11,4,1,1,1,1,7,1,1,1,7,,,,,,,4,1,1,0,-1,3,0,1,A,7
6431,2026-09-05T13:30:00+00:00,21,18,340,339,core_v1,1,,0,0,,,0,0,0,,,0,0,,,0,0,0,,,,0,20,0,,,,0,20,0,,,,0,11,100,1,1,0,0,,,0,11,100,1,1,0,0,1638.6774421251,-112.84336919106,1525.834072934,1,13,3.5,4,3,20,7.8,0,0.2,2,0.8,10,10,10,1.6399714502332,-0.36,1,2,1,10.034922706116,-1.9651,1,12,2.1946481785975,-0.8054,1,3,1.6399714502332,-0.36,1,2,1,10.034922706116,-1.9651,1,12,2.1946481785975,-0.8054,1,3,,,0,,0,,,0,,,,0,,-1.6724919688169,-0.6725,1,-1,1,-6.6705386256106,-3.6705,1,-3,-3.5043046789373,-1.5043,1,-2,-1.6724919688169,-0.6725,1,-1,1,-6.6705386256106,-3.6705,1,-3,-3.5043046789373,-1.5043,1,-2,,,0,,0,,,0,,,,0,,1479.2733066958,1563.5939536116,1,1479.2733066958,1563.5939536116,100,1,1479.2733066958,1563.5939536116,1,1479.2733066958,1563.5939536116,100,1,,,0,,,,0,1438.374953417,1566.79899623,1,1438.374953417,1566.79899623,100,1,1438.374953417,1566.79899623,1,1438.374953417,1566.79899623,100,1,,,0,,,,0,0,2,8,20,3,6,1,3,2,18,15,6,4,1,1,1,1,6,1,1,1,7,,,,,,,3,1,1,0,-1,2,0,1,A,5
6432,2026-09-05T13:30:00+00:00,21,18,341,348,core_v1,1,,0,0,,,0,0,0,,,0,0,,,0,0,0,,,,0,20,0,,,,0,20,0,,,,0,11,100,1,1,0,0,,,0,11,100,1,1,0,0,1460.2008525816,124.28834784765,1584.4892004292,1,13,3.5,4,3,20,7.8,0,0.2,2,0.8,10,10,10,-0.12982246950806,-0.1298,1,0,1,6.2914140080516,-0.7086,1,7,6.70959869059,-0.2904,1,7,-0.12982246950806,-0.1298,1,0,1,6.2914140080516,-0.7086,1,7,6.70959869059,-0.2904,1,7,,,0,,0,,,0,,,,0,,-1.3111909513373,-0.3112,1,-1,1,8.3014839436171,-1.6985,1,10,-2.6961064605176,-0.6961,1,-2,-1.3111909513373,-0.3112,1,-1,1,8.3014839436171,-1.6985,1,10,-2.6961064605176,-0.6961,1,-2,,,0,,0,,,0,,,,0,,1509.4049925935,1658.7986959742,1,1509.4049925935,1658.7986959742,100,1,1509.4049925935,1658.7986959742,1,1509.4049925935,1658.7986959742,100,1,,,0,,,,0,1485.6656625111,1418.4201783234,1,1485.6656625111,1418.4201783234,100,1,1485.6656625111,1418.4201783234,1,1485.6656625111,1418.4201783234,100,1,,,0,,,,0,3,3,12,19,3,10,1,3,2,11,21,6,4,1,1,1,1,7,1,1,1,7,,,,,,,0,0,0,0,4,4,1,1,H,4
6433,2026-09-05T13:30:00+00:00,21,18,349,335,core_v1,1,,0,0,,,0,0,0,,,0,0,,,0,0,0,,,,0,20,0,,,,0,20,0,,,,0,11,100,1,1,0,0,,,0,11,100,1,1,0,0,1527.2759700329,-29.523182205396,1497.7527878275,1,13,3.5,4,3,20,7.8,0,0.2,2,0.8,10,10,10,2.3542137055155,-0.6458,1,3,1,6.4752240209418,-3.5248,1,10,0.55543353759942,-1.4446,1,2,2.3542137055155,-0.6458,1,3,1,6.4752240209418,-3.5248,1,10,0.55543353759942,-1.4446,1,2,,,0,,0,,,0,,,,0,,-0.14235219338497,-0.1424,1,0,1,-11.776974668083,-0.777,1,-11,-4.3184291865117,-0.3184,1,-4,-0.14235219338497,-0.1424,1,0,1,-11.776974668083,-0.777,1,-11,-4.3184291865117,-0.3184,1,-4,,,0,,0,,,0,,,,0,,1441.8704605285,1529.9259572322,1,1441.8704605285,1529.9259572322,100,1,1441.8704605285,1529.9259572322,1,1441.8704605285,1529.9259572322,100,1,,,0,,,,0,1507.7649763793,1574.8433176793,1,1507.7649763793,1574.8433176793,100,1,1507.7649763793,1574.8433176793,1,1507.7649763793,1574.8433176793,100,1,,,0,,,,0,1,4,9,19,3,5,1,0,0,21,10,4,0,1,1,1,1,6,1,1,1,7,,,,,,,1,1,0,0,-1,0,0,0,A,1
5681,2026-09-05T14:00:00+00:00,19,16,297,305,core_v1,2,,0,0,,,0,0,0,,,0,0,,,0,0,0,,,,0,35,0,,,,0,33,0,,4,7,2,28,80,5,4,5,2,4,7,4,21,100,5,5,6,1,1473.7667269328,15.338280555537,1489.1050074884,1.32,12.45,4.14,3.09,1.77,14.68,4.5,0.3182,0.2273,0.45,0.4545,22,22,22,-2.131946515491,0.3681,2,-2.5,2,-4.9911216879549,2.0089,2,-7,-3.6766971138405,0.8233,2,-4.5,-2.131946515491,0.3681,2,-2.5,2,-4.9911216879549,2.0089,2,-7,-3.6766971138405,0.8233,2,-4.5,-2.2409644510231,-0.241,1,-2,1,-6.315211728752,-1.3152,1,-5,-1.539016029841,-0.539,1,-1,-1.1027360452596,-0.1027,2,-1,2,-3.0607451684979,-0.5607,2,-2.5,-2.2298113891998,-0.2298,2,-2,-1.1027360452596,-0.1027,2,-1,2,-3.0607451684979,-0.5607,2,-2.5,-2.2298113891998,-0.2298,2,-2,-1.0599636269173,-0.06,1,-1,1,-4.3272883825196,-0.3273,1,-4,-0.13413329633718,-0.1341,1,0,1576.7110076636,1802.3770526609,2,1576.7110076636,1802.3770526609,100,2,1576.7110076636,1802.3770526609,2,1576.7110076636,1802.3770526609,100,2,1496.996618196,1705.7151747319,1,1496.996618196,1705.7151747319,100,1,1515.0893414635,1786.387807525,2,1515.0893414635,1786.387807525,100,2,1515.0893414635,1786.387807525,2,1515.0893414635,1786.387807525,100,2,1520.6878255397,1856.9319201195,1,1520.6878255397,1856.9319201195,100,1,3,0.5,17,10,7,2.5,2,2,1,15,12.5,5,3,2,2,2,0,7,2,2,1,6,,,,,,,3,1,1,0,-1,2,0,1,A,5
5682,2026-09-05T14:00:00+00:00,19,16,303,313,core_v1,2,,0,0,,,0,0,0,,,0,0,,,0,0,0,,,,0,23,0,,,,0,36,0,,3,8,1,14,100,2,2,0,0,3.5,7.5,4,23,100,5,5,3,3,1484.6567530063,178.55187612638,1663.2086291327,1.32,12.45,4.14,3.09,1.77,14.68,4.5,0.3182,0.2273,0.45,0.4545,22,22,22,-1.4967520955913,0.5032,2,-2,2,-2.7532149720102,2.7468,2,-5.5,-0.87427922953607,1.1257,2,-2,-1.4967520955913,0.5032,2,-2,2,-2.7532149720102,2.7468,2,-5.5,-0.87427922953607,1.1257,2,-2,-1.8587286980498,1.1413,1,-3,1,-9.7708097786228,6.2292,1,-16,-2.4470776766586,2.5529,1,-5,1.978122167527,-0.0219,2,2,2,8.3805882704027,-0.1194,2,8.5,4.9510612359996,-0.0489,2,5,1.978122167527,-0.0219,2,2,2,8.3805882704027,-0.1194,2,8.5,4.9510612359996,-0.0489,2,5,1.3228612628362,0.3229,1,1,1,9.7622139607681,1.7622,1,8,2.7222119086218,0.7222,1,2,1594.4066123625,1763.3719524449,2,1594.4066123625,1763.3719524449,100,2,1594.4066123625,1763.3719524449,2,1594.4066123625,1763.3719524449,100,2,1677.9175282711,1888.1646052842,1,1677.9175282711,1888.1646052842,100,1,1525.6728771686,1762.8670946099,2,1525.6728771686,1762.8670946099,100,2,1525.6728771686,1762.8670946099,2,1525.6728771686,1762.8670946099,100,2,1570.7957954028,1762.2625409573,1,1570.7957954028,1762.2625409573,100,1,2,0,13,7.5,4,2,2,1,3,7,15.5,2.5,7.5,2,1,2,1,7,2,2,0,7,,,,,,,0,0,0,0,1,1,1,0,H,1
5683,2026-09-05T14:00:00+00:00,19,16,304,308,core_v1,2,,0,0,,,0,0,0,,,0,0,,,0,0,0,,,,0,23,0,,,,0,41,0,,1,10,1,12,100,2,2,0,0,3.5,7.5,4,25,100,5,5,3,2,1524.5654315102,9.1929415158434,1533.7583730261,1.32,12.45,4.14,3.09,1.77,14.68,4.5,0.3182,0.2273,0.45,0.4545,22,22,22,0.44589576314251,-0.0541,2,0.5,2,-5.7953071566698,-0.2953,2,-5.5,-1.1210263622899,-0.121,2,-1,0.44589576314251,-0.0541,2,0.5,2,-5.7953071566698,-0.2953,2,-5.5,-1.1210263622899,-0.121,2,-1,0.84869381641961,-0.1513,1,1,1,-1.8258465779192,-0.8258,1,-1,0.66154153437318,-0.3385,1,1,1.6978067296685,0.1978,2,1.5,2,7.5796519145521,1.0797,2,6.5,3.4424760484339,0.4425,2,3,1.6978067296685,0.1978,2,1.5,2,7.5796519145521,1.0797,2,6.5,3.4424760484339,0.4425,2,3,4.3687475944167,0.3687,1,4,1,17.012666843871,2.0127,1,15,6.8248555482437,0.8249,1,6,1521.4547614114,1756.1789568386,2,1521.4547614114,1756.1789568386,100,2,1521.4547614114,1756.1789568386,2,1521.4547614114,1756.1789568386,100,2,1508.7319935158,1747.44295531,1,1508.7319935158,1747.44295531,100,1,1554.4274010091,1809.3291512678,2,1554.4274010091,1809.3291512678,100,2,1554.4274010091,1809.3291512678,2,1554.4274010091,1809.3291512678,100,2,1576.8018597458,1761.726382416,1,1576.8018597458,1761.726382416,100,1,0.5,1,17,11.5,3.5,2.5,2,2,3.5,11.5,18,3,6,2,2,2,1,6,2,2,1,6,,,,,,,1,0,1,1,0,1,0,0,D,2
5684,2026-09-05T14:00:00+00:00,19,16,306,312,core_v1,2,,0,0,,,0,0,0,,,0,0,,,0,0,0,,,,0,21,0,,,,0,31,0,,1,10,1,12,100,2,2,0,0,2.25,8.75,4,19,100,5,5,5,4,1517.4355306859,18.223938937187,1535.6594696231,1.32,12.45,4.14,3.09,1.77,14.68,4.5,0.3182,0.2273,0.45,0.4545,22,22,22,-0.74257625186656,-0.7426,2,0,2,-3.0530667150309,-4.0531,2,1,0.83892301774875,-1.6611,2,2.5,-0.74257625186656,-0.7426,2,0,2,-3.0530667150309,-4.0531,2,1,0.83892301774875,-1.6611,2,2.5,-2.244593450905,-1.2446,1,-1,1,-5.7931344113533,-6.7931,1,1,-1.7840447743412,-2.784,1,1,1.1272135725652,-0.3728,2,1.5,2,11.46528874031,-2.0347,2,13.5,2.6661099417721,-0.8339,2,3.5,1.1272135725652,-0.3728,2,1.5,2,11.46528874031,-2.0347,2,13.5,2.6661099417721,-0.8339,2,3.5,2.2734438384188,-0.7266,1,3,1,13.034372782993,-3.9656,1,17,2.3747585338452,-1.6252,1,4,1431.3406233213,1693.0387452911,2,1431.3406233213,1693.0387452911,100,2,1431.3406233213,1693.0387452911,2,1431.3406233213,1693.0387452911,100,2,1365.6315658555,1679.3381621687,1,1365.6315658555,1679.3381621687,100,1,1479.7424328018,1763.5495336855,2,1479.7424328018,1763.5495336855,100,2,1479.7424328018,1763.5495336855,2,1479.7424328018,1763.5495336855,100,2,1433.4374937775,1816.3500515882,1,1433.4374937775,1816.3500515882,100,1,1,1,10.5,11.5,1.5,4,2,0.5,2,10.5,24,3,6.5,2,2,2,1,6,2,2,1,6,,,,,,,1,0,1,1,0,1,0,0,D,2
5685,2026-09-05T14:00:00+00:00,19,16,310,301,core_v1,2,,0,0,,,0,0,0,,,0,0,,,0,0,0,,,,0,37,0,,,,0,32,0,,6,5,4,28,100,5,5,3,2,1.5,9.5,4,17,100,5,5,7,5,1418.2376425775,82.701986868467,1500.939629446,1.32,12.45,4.14,3.09,1.77,14.68,4.5,0.3182,0.2273,0.45,0.4545,22,22,22,-2.575250092841,-0.0753,2,-2.5,2,-5.9107236742762,-0.4107,2,-5.5,-0.1683277600331,-0.1683,2,0,-2.575250092841,-0.0753,2,-2.5,2,-5.9107236742762,-0.4107,2,-5.5,-0.1683277600331,-0.1683,2,0,-3.0013264400823,-0.0013,1,-3,1,-17.007239862753,-0.0072,1,-17,-4.0029671284039,-0.003,1,-4,-0.37843749310796,0.1216,2,-0.5,2,0.6635021645809,0.6635,2,0,-0.72807549178207,0.2719,2,-1,-0.37843749310796,0.1216,2,-0.5,2,0.6635021645809,0.6635,2,0,-0.72807549178207,0.2719,2,-1,-1.107246440193,-0.1072,1,-1,1,0.41463657643363,-0.5854,1,1,-1.239900741217,-0.2399,1,-1,1518.6869792147,1767.5980894062,2,1518.6869792147,1767.5980894062,100,2,1518.6869792147,1767.5980894062,2,1518.6869792147,1767.5980894062,100,2,1528.3628499946,1764.9149583671,1,1528.3628499946,1764.9149583671,100,1,1544.447790698,1780.2853000341,2,1544.447790698,1780.2853000341,100,2,1544.447790698,1780.2853000341,2,1544.447790698,1780.2853000341,100,2,1514.4989756346,1710.7490157829,1,1514.4989756346,1710.7490157829,100,1,2.5,0,18.5,13,5,5,2,1.5,1,12,12,3.5,2.5,2,2,2,1,6,2,2,0,7,,,,,,,0,0,0,1,0,0,0,0,D,0
6073,2026-09-05T14:15:00+00:00,20,17,316,315,core_v1,3,,0,0,,,0,0,0,,,0,0,,,0,0,0,,,,0,40,0,,,,0,33,0,,5.75,5.25,4,29,100,5,5,2,0,6.25,4.75,4,26,100,5,5,5,1,1603.1834952876,-112.73377987296,1490.4497154147,1.09,11.41,3.97,2.78,1.69,14.06,5.09,0.2188,0.25,0.6,0.5313,32,32,32,1.3359327888457,0.0026,3,1.3333333333333,3,2.6808547942667,0.0142,3,2.6666666666667,1.005814750616,0.0058,3,1,1.3359327888457,0.0026,3,1.3333333333333,3,2.6808547942667,0.0142,3,2.6666666666667,1.005814750616,0.0058,3,1,1.6047766821438,-0.3952,1,2,1,-10.157174391964,-2.1572,1,-8,-0.88407938509977,-0.8841,1,0,-0.34194934261438,0.3247,3,-0.66666666666667,3,2.7723445566728,1.7723,3,1,0.3930304190297,0.7264,3,-0.33333333333333,-0.34194934261438,0.3247,3,-0.66666666666667,3,2.7723445566728,1.7723,3,1,0.3930304190297,0.7264,3,-0.33333333333333,-2.4916070668808,-0.4916,1,-2,1,8.3167520040669,-2.6832,1,11,2.9003187469905,-1.0997,1,4,1524.9237040795,1556.6292890178,3,1500,1578.7980104875,100,3,1524.9237040795,1556.6292890178,3,1500,1578.7980104875,100,3,1472.8526604449,1578.7980104875,1,1472.8526604449,1578.7980104875,100,1,1567.0857287575,1680.3569146192,3,1515.0726620802,1582.2182112765,100,3,1567.0857287575,1680.3569146192,3,1515.0726620802,1582.2182112765,100,3,1460.2369864888,1578.7980104875,1,1460.2369864888,1578.7980104875,100,1,1,2.33,12.67,15.33,4,5,3,1.67,1,12.33,13.33,5.33,5,3,2,3,1,6,3,3,1,5,,,,,,,0,0,0,0,3,3,1,1,H,3
6748,2026-09-05T15:15:00+00:00,22,19,368,362,core_v1,2,,0,0,,,0,0,0,,,0,0,,,0,0,0,,,,0,22,0,,,,0,43,0,,0,11,1,11,100,2,2,0,0,3.5,7.5,4,25,100,5,5,0,0,1499.5372301895,96.798600522064,1596.3358307115,1.33,12.33,4.1,2.95,1.62,16,5.52,0.3333,0.3333,0.29,0.3333,21,21,21,-0.81381518275674,-0.3138,2,-0.5,2,-1.7128394137377,-1.7128,2,0,1.7980233673675,-0.702,2,2.5,-0.81381518275674,-0.3138,2,-0.5,2,-1.7128394137377,-1.7128,2,0,1.7980233673675,-0.702,2,2.5,-0.39417837495622,-0.3942,1,0,1,-6.1514709732558,-2.1515,1,-4,0.11825805916206,-0.8817,1,1,0.85764883105272,-0.1424,2,1,2,0.72303092341605,-0.777,2,1.5,2.1815731050643,-0.3184,2,2.5,0.85764883105272,-0.1424,2,1,2,0.72303092341605,-0.777,2,1.5,2.1815731050643,-0.3184,2,2.5,2.5541094486521,-0.4459,1,3,1,-0.43372198837785,-2.4337,1,2,4.0025825232284,-0.9974,1,5,1488.3357904574,1456.8221914652,2,1488.3357904574,1456.8221914652,100,2,1488.3357904574,1456.8221914652,2,1488.3357904574,1456.8221914652,100,2,1477.8170480229,1550.041650651,1,1477.8170480229,1550.041650651,100,1,1510.7787242021,1572.4055132188,2,1510.7787242021,1572.4055132188,100,2,1510.7787242021,1572.4055132188,2,1510.7787242021,1572.4055132188,100,2,1471.0484385476,1486.4292145254,1,1471.0484385476,1486.4292145254,100,1,1,0.5,12.5,12.5,1.5,4,2,2,3,13,14.5,5.5,8,2,2,2,1,6,2,2,1,7,,,,,,,1,1,0,0,-1,0,0,0,A,1
5303,2026-09-05T16:00:00+00:00,18,15,287,278,core_v1,2,,0,0,,,0,0,0,,,0,0,,,0,0,0,,,,0,35,0,,,,0,39,0,,1.75,9.25,4,17,100,5,5,8,6,3.25,7.75,4,24,100,5,5,6,2,1633.2230031527,70.903625754675,1704.1266289073,1.45,14.14,4.77,2.59,1.14,14.05,3.91,0.5909,0.0455,-0.31,0.3636,22,22,22,0.54933323132581,0.0493,2,0.5,2,-2.730733541062,0.2693,2,-3,-0.88964595244004,0.1104,2,-1,0.54933323132581,0.0493,2,0.5,2,-2.730733541062,0.2693,2,-3,-0.88964595244004,0.1104,2,-1,1.5349561585483,-0.465,1,2,1,-0.53826285190275,-2.5383,1,2,0.95973831800916,-1.0403,1,2,1.1054210053609,-0.8946,2,2,2,8.6172848067475,-4.8827,2,13.5,2.4989064112066,-2.0011,2,4.5,1.1054210053609,-0.8946,2,2,2,8.6172848067475,-4.8827,2,13.5,2.4989064112066,-2.0011,2,4.5,1.6232017455069,-1.3768,1,3,1,-1.5147234571157,-7.5147,1,6,-1.0797751530482,-3.0798,1,2,1529.3987970169,1665.1579068283,2,1529.3987970169,1665.1579068283,100,2,1529.3987970169,1665.1579068283,2,1529.3987970169,1665.1579068283,100,2,1462.0719550303,1578.7092793402,1,1462.0719550303,1578.7092793402,100,1,1405.8500763409,1516.6542120239,2,1405.8500763409,1516.6542120239,100,2,1405.8500763409,1516.6542120239,2,1405.8500763409,1516.6542120239,100,2,1342.7323721715,1505.0877327305,1,1342.7323721715,1505.0877327305,100,1,1,1.5,16,13,4,3,2,0.5,2.5,8.5,22,1.5,6,2,2,2,1,5,2,2,1,5,,,,,,,2,0,1,0,1,3,1,1,H,5
5686,2026-09-05T16:30:00+00:00,19,16,309,311,core_v1,2,,0,0,,,0,0,0,,,0,0,,,0,0,0,,,,0,37,0,,,,0,22,0,,2.75,8.25,4,22,100,5,5,5,2,1,10,1,12,100,2,2,0,0,1558.8236936444,-36.638558143374,1522.185135501,1.26,12.26,4.04,2.89,1.63,15.07,4.37,0.2963,0.2963,0.37,0.4074,27,27,27,-1.8976028771042,0.6024,2,-2.5,2,-4.2120471171786,3.288,2,-7.5,-2.6524912525799,1.3475,2,-4,-1.8976028771042,0.6024,2,-2.5,2,-4.2120471171786,3.288,2,-7.5,-2.6524912525799,1.3475,2,-4,-3.9674481488703,0.0326,1,-4,1,-14.822328247106,0.1777,1,-15,-5.9271844063082,0.0728,1,-6,1.6148924708678,0.1149,2,1.5,2,-8.3729036603158,0.6271,2,-9,-0.74299576870015,0.257,2,-1,1.6148924708678,0.1149,2,1.5,2,-8.3729036603158,0.6271,2,-9,-0.74299576870015,0.257,2,-1,2.4787746484884,0.4788,1,2,1,-10.386792821732,2.6132,1,-13,0.07097627521815,1.071,1,-1,1607.3842587614,1828.9004917333,2,1607.3842587614,1828.9004917333,100,2,1607.3842587614,1828.9004917333,2,1607.3842587614,1828.9004917333,100,2,1532.7971813051,1769.6363781824,1,1532.7971813051,1769.6363781824,100,1,1543.5747493336,1748.3563387193,2,1543.5747493336,1748.3563387193,100,2,1543.5747493336,1748.3563387193,2,1543.5747493336,1748.3563387193,100,2,1591.2033066138,1833.5799762424,1,1591.2033066138,1833.5799762424,100,1,2.5,0,14,6.5,4,0,2,0,1.5,16,7,4,3,2,2,2,1,4,1,2,0,7,,,,,,,0,0,0,1,0,0,0,0,D,0
6074,2026-09-05T16:30:00+00:00,20,17,331,333,core_v1,3,,0,0,,,0,0,0,,,0,0,,,0,0,0,,,,0,27,0,,,,0,35,0,,2,9,2,15,100,3,3,0,0,3.5,7.5,4,21,100,5,5,8,4,1500.0939605598,9.7374534970663,1509.8314140568,1.06,11.52,4,2.79,1.73,13.97,5.06,0.2121,0.2424,0.67,0.5455,33,33,33,-0.045488274341565,-0.0455,3,0,3,-2.2482802408434,-0.2483,3,-2,-1.1017532210075,-0.1018,3,-1,-0.045488274341565,-0.0455,3,0,3,-2.2482802408434,-0.2483,3,-2,-1.1017532210075,-0.1018,3,-1,-1.3590814303091,-0.3591,1,-1,1,-7.9599078067917,-1.9599,1,-6,1.1967668005259,-0.8032,1,2,-1.1183740057767,0.215,3,-1.3333333333333,3,-8.4933938971495,1.1733,3,-9.6666666666667,-1.1858217834281,0.4808,3,-1.6666666666667,-1.1183740057767,0.215,3,-1.3333333333333,3,-8.4933938971495,1.1733,3,-9.6666666666667,-1.1858217834281,0.4808,3,-1.6666666666667,-0.34435681816874,-0.3444,1,0,1,-8.8795391777011,-1.8795,1,-7,-0.77029555268375,-0.7703,1,0,1518.6294986013,1540.8764050005,3,1477.5832739982,1487.9810933281,100,3,1518.6294986013,1540.8764050005,3,1477.5832739982,1487.9810933281,100,3,1477.5832739982,1487.9810933281,1,1477.5832739982,1487.9810933281,100,1,1552.7194988497,1632.7025825404,3,1479.5105792521,1578.7980104875,100,3,1552.7194988497,1632.7025825404,3,1479.5105792521,1578.7980104875,100,3,1479.5105792521,1439.25521504,1,1479.5105792521,1439.25521504,100,1,1.67,1.67,14,12,5,4,3,2.67,1.33,18,8.33,5.33,3.67,3,2,3,0,7,1,3,1,4,,,,,,,2,0,1,0,1,3,1,1,H,5
6434,2026-09-05T16:30:00+00:00,21,18,346,334,core_v1,1,,0,0,,,0,0,0,,,0,0,,,0,0,0,,,,0,20,0,,,,0,20,0,,,,0,11,100,1,1,0,0,,,0,11,100,1,1,0,0,1747.5817943392,-256.05685801413,1491.5249363251,1.27,13,3.93,4.07,2.8,19.33,7.33,0.2,0.1333,1.53,0.6667,15,15,15,4.3936290544938,0.3936,1,4,1,12.148472718899,2.1485,1,10,5.8805131598558,0.8805,1,5,4.3936290544938,0.3936,1,4,1,12.148472718899,2.1485,1,10,5.8805131598558,0.8805,1,5,,,0,,0,,,0,,,,0,,-3.2521141669728,-0.2521,1,-3,1,-14.376068162666,-1.3761,1,-13,-8.5639569520374,-0.564,1,-8,-3.2521141669728,-0.2521,1,-3,1,-14.376068162666,-1.3761,1,-13,-8.5639569520374,-0.564,1,-8,,,0,,0,,,0,,,,0,,1577.9195899759,1700.1316921874,1,1577.9195899759,1700.1316921874,100,1,1577.9195899759,1700.1316921874,1,1577.9195899759,1700.1316921874,100,1,,,0,,,,0,1493.3982259096,1581.1741235343,1,1493.3982259096,1581.1741235343,100,1,1493.3982259096,1581.1741235343,1,1493.3982259096,1581.1741235343,100,1,,,0,,,,0,1,5,11,21,4,9,1,3,0,24,11,13,5,1,1,1,0,7,1,1,1,6,,,,,,,0,0,0,1,0,0,0,0,D,0
5304,2026-09-05T18:45:00+00:00,18,15,282,283,core_v1,2,,0,0,,,0,0,0,,,0,0,,,0,0,0,,,,0,36,0,,,,0,41,0,,3.5,7.5,4,21,100,5,5,4,2,2.75,8.25,4,21,100,5,5,5,4,1588.1760339457,48.050475931224,1636.2265098769,1.48,14.22,4.87,2.7,1.22,14.7,4.09,0.5652,0.0435,-0.26,0.3913,23,23,23,0.88535872620219,-0.1146,2,1,2,-9.6257252771425,-0.6257,2,-9,-1.2564423258121,-0.2564,2,-1,0.88535872620219,-0.1146,2,1,2,-9.6257252771425,-0.6257,2,-9,-1.2564423258121,-0.2564,2,-1,,,0,,0,,,0,,,,0,,3.6772280108615,-0.3228,2,4,2,6.2382733053567,-1.7617,2,8,3.7779877886942,-0.722,2,4.5,3.6772280108615,-0.3228,2,4,2,6.2382733053567,-1.7617,2,8,3.7779877886942,-0.722,2,4.5,3.9475069813763,-0.0525,1,4,1,7.7134870580354,-0.2865,1,8,3.8825777894922,-0.1174,1,4,1507.9361654562,1609.6093335418,2,1507.9361654562,1609.6093335418,100,2,1507.9361654562,1609.6093335418,2,1507.9361654562,1609.6093335418,100,2,,,0,,,,0,1480.6939252284,1573.4501963318,2,1480.6939252284,1573.4501963318,100,2,1480.6939252284,1573.4501963318,2,1480.6939252284,1573.4501963318,100,2,1516.0707538298,1675.7561765608,1,1516.0707538298,1675.7561765608,100,1,0.5,1.5,19,10,5.5,4.5,2,0,4,8,16,3.5,8,2,2,2,1,5,2,2,1,5,,,,,,,1,0,1,0,1,2,1,1,H,3
6749,2026-09-05T18:45:00+00:00,22,19,356,369,core_v1,2,,0,0,,,0,0,0,,,0,0,,,0,0,0,,,,0,23,0,,,,0,39,0,,3,8,1,14,100,2,2,0,0,4,7,3,31,80,5,4,3,3,1490.8463140175,-20.894089375485,1469.952224642,1.32,12.14,4.05,2.86,1.55,16.05,5.55,0.3636,0.3182,0.23,0.3182,22,22,22,-0.61169773413379,-0.1117,2,-0.5,2,-14.60965909861,-0.6097,2,-14,-2.7498578895741,-0.2499,2,-2.5,-0.61169773413379,-0.1117,2,-0.5,2,-14.60965909861,-0.6097,2,-14,-2.7498578895741,-0.2499,2,-2.5,-0.80635719605175,0.1936,1,-1,1,-8.9430752716437,1.0569,1,-10,-2.5668382827911,0.4332,1,-3,-1.6024679783054,-0.1025,2,-1.5,2,1.9407179718145,-0.5593,2,2.5,-0.72921174728273,-0.2292,2,-0.5,-1.6024679783054,-0.1025,2,-1.5,2,1.9407179718145,-0.5593,2,2.5,-0.72921174728273,-0.2292,2,-0.5,-0.141992619833,-0.142,1,0,1,3.2249879257806,-0.775,1,4,-1.3176248524798,-0.3176,1,-1,1514.7909538897,1536.3562030794,2,1514.7909538897,1536.3562030794,100,2,1514.7909538897,1536.3562030794,2,1514.7909538897,1536.3562030794,100,2,1554.7569929057,1627.0732489559,1,1554.7569929057,1627.0732489559,100,1,1515.9990371133,1533.3353771831,2,1515.9990371133,1533.3353771831,100,2,1515.9990371133,1533.3353771831,2,1515.9990371133,1533.3353771831,100,2,1510.8256547144,1484.2792328451,1,1510.8256547144,1484.2792328451,100,1,2.5,2,24,10,7.5,5,2,1.5,0,12.5,15,3,2.5,2,2,2,1,6,2,2,1,6,,,,,,,1,0,1,1,0,1,0,0,D,2
6750,2026-09-05T18:45:00+00:00,22,19,366,363,core_v1,2,,0,0,,,0,0,0,,,0,0,,,0,0,0,,,,0,35,0,,,,0,43,0,,3.25,7.75,4,22,100,5,5,4,3,4,7,4,26,100,5,5,1,0,1475.8605276513,-27.404898336401,1448.4556293149,1.32,12.14,4.05,2.86,1.55,16.05,5.55,0.3636,0.3182,0.23,0.3182,22,22,22,-0.26518979323138,-0.2652,2,0,2,18.052563563122,-1.4474,2,19.5,2.9067940358214,-0.5932,2,3.5,-0.26518979323138,-0.2652,2,0,2,18.052563563122,-1.4474,2,19.5,2.9067940358214,-0.5932,2,3.5,-0.22470062185129,-0.2247,1,0,1,16.773558124189,-1.2264,1,18,1.4973647084505,-0.5026,1,2,-0.19309198750568,0.3069,2,-0.5,2,0.1751392828551,1.6751,2,-1.5,-1.3134740924702,0.6865,2,-2,-0.19309198750568,0.3069,2,-0.5,2,0.1751392828551,1.6751,2,-1.5,-1.3134740924702,0.6865,2,-2,-0.77239572104509,0.2276,1,-1,1,1.2422903707356,1.2423,1,0,-2.4908694859503,0.5091,1,-3,1494.7003702382,1411.0718293484,2,1494.7003702382,1411.0718293484,100,2,1494.7003702382,1411.0718293484,2,1494.7003702382,1411.0718293484,100,2,1500,1306.6248524416,1,1500,1306.6248524416,100,1,1569.5822819824,1657.2447250835,2,1569.5822819824,1657.2447250835,100,2,1569.5822819824,1657.2447250835,2,1569.5822819824,1657.2447250835,100,2,1559.2022121474,1671.9436085977,1,1559.2022121474,1671.9436085977,100,1,2,2,7,26.5,3.5,7,2,1,0.5,15,13.5,6,4,2,2,2,1,7,2,2,1,7,,,,,,,2,1,1,0,-1,1,0,1,A,3
6075,2026-09-05T19:00:00+00:00,20,17,318,327,core_v1,3,,0,0,,,0,0,0,,,0,0,,,0,0,0,,,,0,24,0,,,,0,37,0,,2.5,8.5,2,14,100,3,3,0,0,4.75,6.25,4,24,100,5,5,5,0,1507.7092541922,84.022517439767,1591.731771632,1.09,11.44,4,2.85,1.76,14.03,5.21,0.2059,0.2353,0.67,0.5588,34,34,34,0.41754096974837,-0.2491,3,0.66666666666667,3,-5.0264234155532,-1.3598,3,-3.6666666666667,-0.89060534384821,-0.5573,3,-0.33333333333333,0.41754096974837,-0.2491,3,0.66666666666667,3,-5.0264234155532,-1.3598,3,-3.6666666666667,-0.89060534384821,-0.5573,3,-0.33333333333333,-0.23303176509894,-0.233,1,0,1,-8.2719142152652,-1.2719,1,-7,1.4787286825208,-0.5213,1,2,-0.32065879363138,0.0127,3,-0.33333333333333,3,-0.26415423574546,0.0692,3,-0.33333333333333,3.3616851505462,0.0284,3,3.3333333333333,-0.32065879363138,0.0127,3,-0.33333333333333,3,-0.26415423574546,0.0692,3,-0.33333333333333,3.3616851505462,0.0284,3,3.3333333333333,,,0,,0,,,0,,,,0,,1491.9753856985,1475.1744663339,3,1494.081921277,1454.8342360824,100,3,1491.9753856985,1475.1744663339,3,1494.081921277,1454.8342360824,100,3,1494.081921277,1411.275970975,1,1494.081921277,1411.275970975,100,1,1526.2424323766,1579.1918383439,3,1500,1510.8480992369,100,3,1526.2424323766,1579.1918383439,3,1500,1510.8480992369,100,3,,,0,,,,0,1,1.67,12,8.33,4,3.67,3,1.67,1.33,15,14.67,3,6.33,3,2,3,1,6,2,3,0,7,,,,,,,3,1,1,0,-1,2,0,1,A,5
5305,2026-09-06T13:00:00+00:00,18,15,288,289,core_v1,2,50,4,5,134,6.7404426559356,2,4,0,1988,0,1,0,,0,0,0,0,1980,,,0,48,0,,,,0,26,0,,3.5,7.5,4,22,100,5,5,2,2,2,9,1,13,100,2,2,0,0,1402.6496098234,101.11558036758,1503.765190191,1.46,13.88,4.75,2.71,1.25,15.71,4.33,0.5417,0.0417,-0.21,0.4167,24,24,24,-2.0830207533458,-0.083,2,-2,2,-0.45313683436102,-0.4531,2,0,-0.68571003595275,-0.1857,2,-0.5,-2.0830207533458,-0.083,2,-2,2,-0.45313683436102,-0.4531,2,0,-0.68571003595275,-0.1857,2,-0.5,-1.4870116549542,0.513,1,-2,1,-4.2000505250772,2.7999,1,-7,-1.852490730781,1.1475,1,-3,1.2987896249775,0.2988,2,1,2,-9.3691718113137,1.6308,2,-11,0.16836579723377,0.6684,2,-0.5,1.2987896249775,0.2988,2,1,2,-9.3691718113137,1.6308,2,-11,0.16836579723377,0.6684,2,-0.5,-0.3078515552842,0.6921,1,-1,1,-5.2221740648366,3.7778,1,-9,-1.4517255340062,1.5483,1,-3,1512.0749770337,1602.3302525403,2,1512.0749770337,1602.3302525403,100,2,1512.0749770337,1602.3302525403,2,1512.0749770337,1602.3302525403,100,2,1590.0866391269,1733.5162889776,1,1590.0866391269,1733.5162889776,100,1,1562.0501574425,1724.6345599271,2,1562.0501574425,1724.6345599271,100,2,1562.0501574425,1724.6345599271,2,1562.0501574425,1724.6345599271,100,2,1613.5369139528,1773.5129432934,1,1613.5369139528,1773.5129432934,100,1,2,0,14,14,5,4.5,2,0.5,1.5,22.5,11.5,4.5,4,2,2,2,0,8,2,2,0,7,,,,,,,2,0,1,0,1,3,1,1,H,5
5306,2026-09-06T13:00:00+00:00,18,15,290,293,core_v1,2,100,3,5,173,8.6760280842528,3,2,0,1994,50,2,2,15,0.75112669003505,1,0,0,1997,,,0,47,0,,,,0,45,0,,3.5,7.5,4,25,100,5,5,1,1,2.5,8.5,2,25,80,5,4,2,0,1333.3611221158,127.03530982276,1460.3964319385,1.46,13.88,4.75,2.71,1.25,15.71,4.33,0.5417,0.0417,-0.21,0.4167,24,24,24,-1.4878081348638,0.5122,2,-2,2,1.2956021958349,2.7956,2,-1.5,0.14572761455201,1.1457,2,-1,-1.4878081348638,0.5122,2,-2,2,1.2956021958349,2.7956,2,-1.5,0.14572761455201,1.1457,2,-1,-1.670431073514,1.3296,1,-3,1,1.2569403448255,7.2569,1,-6,0.97412734995364,2.9741,1,-2,-1.3746344462894,0.1254,2,-1.5,2,-8.3157403678362,0.6843,2,-9,-2.7195684145401,0.2804,2,-3,-1.3746344462894,0.1254,2,-1.5,2,-8.3157403678362,0.6843,2,-9,-2.7195684145401,0.2804,2,-3,-1.5061370377063,-0.5061,1,-1,1,-3.7625542503079,-2.7626,1,-1,-4.1321835045027,-1.1322,1,-3,1589.9823878298,1680.1784743083,2,1589.9823878298,1680.1784743083,100,2,1589.9823878298,1680.1784743083,2,1589.9823878298,1680.1784743083,100,2,1696.9689141845,1798.2427833957,1,1696.9689141845,1798.2427833957,100,1,1539.3506716746,1650.8668173053,2,1539.3506716746,1650.8668173053,100,2,1539.3506716746,1650.8668173053,2,1539.3506716746,1650.8668173053,100,2,1456.6932644211,1528.2206913173,1,1456.6932644211,1528.2206913173,100,1,3.5,1.5,12.5,11,5,4,2,1.5,0,17.5,8.5,5.5,2.5,2,1,2,0,7,1,2,0,7,,,,,,,1,0,1,1,0,1,0,0,D,2
5687,2026-09-06T13:00:00+00:00,19,16,300,294,core_v1,2,83.333333333333,6,11,,0,5,7,0,1980,0,1,0,,0,0,0,0,1988,,,0,36,0,,,,0,33,0,,4.25,6.75,4,25,100,5,5,4,1,4,7,2,26,80,5,4,6,3,1583.9323253934,-75.567743410041,1508.3645819833,1.21,12.29,3.93,2.79,1.57,14.93,4.36,0.2857,0.3214,0.36,0.3929,28,28,28,-0.18275361449416,-0.6828,2,0.5,2,14.773452130313,-3.7265,2,18.5,1.9727409330229,-1.5273,2,3.5,-0.18275361449416,-0.6828,2,0.5,2,14.773452130313,-3.7265,2,18.5,1.9727409330229,-1.5273,2,3.5,-2.2180186140409,-0.218,1,-2,1,11.810029292473,-1.19,1,13,0.51231176518852,-0.4877,1,1,0.98525632329776,-0.0147,2,1,2,0.41952731433465,-0.0805,2,0.5,1.4670197074815,-0.033,2,1.5,0.98525632329776,-0.0147,2,1,2,0.41952731433465,-0.0805,2,0.5,1.4670197074815,-0.033,2,1.5,1.6949355856568,-0.3051,1,2,1,3.3349232882055,-1.6651,1,5,0.31759805744442,-0.6824,1,1,1439.170811459,1658.9587308871,2,1439.170811459,1658.9587308871,100,2,1439.170811459,1658.9587308871,2,1439.170811459,1658.9587308871,100,2,1500,1638.5792996056,1,1500,1638.5792996056,100,1,1526.6066671909,1762.8670946099,2,1526.6066671909,1762.8670946099,100,2,1526.6066671909,1762.8670946099,2,1526.6066671909,1762.8670946099,100,2,1488.6065706411,1763.4716482625,1,1488.6065706411,1763.4716482625,100,1,2,2.5,8.5,27,4.5,8,2,0.5,1.5,14,14.5,4.5,6,2,1,2,1,6,1,2,0,7,,,,,,,2,0,1,1,0,2,0,1,D,4
6751,2026-09-06T13:00:00+00:00,22,19,365,360,core_v1,2,40,5,7,59,2.9813036887317,2,4,0,1979,66.666666666667,3,3,55,2.7665995975855,2,1,0,1988,,,0,39,0,,,,0,21,0,,3.75,7.25,4,25,100,5,5,1,0,2,9,1,13,100,2,2,0,0,1560.3853429919,-49.467069964862,1510.9182730271,1.33,12.25,4.21,2.83,1.5,15.79,5.33,0.375,0.3333,0.17,0.2917,24,24,24,-1.0479842983164,0.452,2,-1.5,2,-2.5328462355749,2.4672,2,-5,-1.9888811070977,1.0111,2,-3,-1.0479842983164,0.452,2,-1.5,2,-2.5328462355749,2.4672,2,-5,-1.9888811070977,1.0111,2,-3,-3.6827289065712,0.3173,1,-4,1,-7.2682978277514,1.7317,1,-9,-5.2902928027883,0.7097,1,-6,0.39611804297256,-0.1039,2,0.5,2,-3.0669996869168,-0.567,2,-2.5,-1.7323746918323,-0.2324,2,-1.5,0.39611804297256,-0.1039,2,0.5,2,-3.0669996869168,-0.567,2,-2.5,-1.7323746918323,-0.2324,2,-1.5,-0.071694705483859,-0.0717,1,0,1,-1.3913179605598,-0.3913,1,-1,0.83962532503676,-0.1604,1,1,1588.5754350177,1598.0274386371,2,1588.5754350177,1598.0274386371,100,2,1588.5754350177,1598.0274386371,2,1588.5754350177,1598.0274386371,100,2,1570.9387061885,1589.7017978167,1,1570.9387061885,1589.7017978167,100,1,1515.8139613644,1533.3353771831,2,1515.8139613644,1533.3353771831,100,2,1515.8139613644,1533.3353771831,2,1515.8139613644,1533.3353771831,100,2,1520.0269524041,1582.391521521,1,1520.0269524041,1582.391521521,100,1,2.5,1,15.5,10.5,7.5,4.5,2,0.5,1,12.5,10,3.5,2,2,1,2,0,7,1,2,0,7,,,,,,,6,1,1,0,-4,2,0,1,A,8
6435,2026-09-06T13:30:00+00:00,21,18,347,338,core_v1,1,20,5,1,80,8.0808080808081,1,1,0,990,0,3,0,,0,0,0,0,990,,,0,20,0,,,,0,20,0,,,,0,11,100,1,1,0,0,,,0,11,100,1,1,0,0,1505.7202446622,-30.945781346469,1474.7744633157,1.19,13.13,4,3.81,2.63,18.38,6.94,0.1875,0.1875,1.44,0.625,16,16,16,-0.23446706423855,-0.2345,1,0,1,9.7202517567085,-1.2797,1,11,3.4755180460947,-0.5245,1,4,-0.23446706423855,-0.2345,1,0,1,9.7202517567085,-1.2797,1,11,3.4755180460947,-0.5245,1,4,,,0,,0,,,0,,,,0,,-1.1765521185108,0.8234,1,-2,1,-7.5055266154318,4.4945,1,-12,-1.1580203802813,1.842,1,-3,-1.1765521185108,0.8234,1,-2,1,-7.5055266154318,4.4945,1,-12,-1.1580203802813,1.842,1,-3,,,0,,0,,,0,,,,0,,1495.7080561105,1391.0874478791,1,1495.7080561105,1391.0874478791,100,1,1495.7080561105,1391.0874478791,1,1495.7080561105,1391.0874478791,100,1,,,0,,,,0,1634.178598745,1759.6022429579,1,1634.178598745,1759.6022429579,100,1,1634.178598745,1759.6022429579,1,1634.178598745,1759.6022429579,100,1,,,0,,,,0,0,0,10,21,0,4,1,2,0,20,8,6,3,1,1,1,0,8,1,1,0,7,,,,,,,5,1,0,0,-5,0,0,1,A,5
6076,2026-09-06T14:15:00+00:00,20,17,317,314,core_v1,3,25,4,2,,0,1,0,0,2979,85.714285714286,7,15,476,15.919732441472,6,10,0,2990,,,0,37,0,,,,0,41,0,,3.75,7.25,4,22,100,5,5,6,2,4.25,6.75,4,23,100,5,5,4,2,1732.2865246763,-236.92379435659,1495.3627303197,1.14,11.34,3.97,2.91,1.77,14.11,5.2,0.2286,0.2286,0.63,0.5429,35,35,35,3.0799913310491,-0.2533,3,3.3333333333333,3,10.617230170778,-1.3828,3,12,5.766629822988,-0.5667,3,6.3333333333333,3.0799913310491,-0.2533,3,3.3333333333333,3,10.617230170778,-1.3828,3,12,5.766629822988,-0.5667,3,6.3333333333333,4.6622961813991,-0.3377,1,5,1,2.1567736602542,-1.8432,1,4,4.2445866151977,-0.7554,1,5,-0.92616244895113,0.0738,3,-1,3,1.4030138584735,0.403,3,1,-0.16816530356565,0.1652,3,-0.33333333333333,-0.92616244895113,0.0738,3,-1,3,1.4030138584735,0.403,3,1,-0.16816530356565,0.1652,3,-0.33333333333333,-0.29263660378503,0.2074,2,-0.5,2,2.1318133013304,1.1318,2,1,-0.036146539095045,0.4639,2,-0.5,1491.4235132684,1519.714428128,3,1480.661149469,1478.8518460049,100,3,1491.4235132684,1519.714428128,3,1480.661149469,1478.8518460049,100,3,1480.3813907139,1454.8342360824,1,1480.3813907139,1454.8342360824,100,1,1534.248062134,1581.4669643898,3,1527.2186062616,1582.2182112765,100,3,1534.248062134,1581.4669643898,3,1527.2186062616,1582.2182112765,100,3,1551.7252669987,1611.1983681484,2,1551.7252669987,1611.1983681484,100,2,0.67,4,7.67,19.67,2.33,8.67,3,1.33,0.33,11,12,3.33,3,3,3,3,1,5,2,3,1,6,,,,,,,5,1,0,0,-5,0,0,1,A,5
6752,2026-09-06T15:15:00+00:00,22,19,352,359,core_v1,2,,0,0,,,0,0,0,,50,2,0,,0,1,0,0,2012,,,0,40,0,,,,0,36,0,,4.5,6.5,4,27,100,5,5,1,0,3.25,7.75,4,21,100,5,5,5,2,1561.50710291,-120.65301922818,1440.8540836818,1.52,12.52,4.52,3.04,1.52,16.24,5.36,0.4,0.32,0,0.28,25,25,25,0.95586889479722,0.4559,2,0.5,2,2.4881849362623,2.4882,2,0,1.519738142943,1.0197,2,0.5,0.95586889479722,0.4559,2,0.5,2,2.4881849362623,2.4882,2,0,1.519738142943,1.0197,2,0.5,,,0,,0,,,0,,,,0,,0.0084933499841011,0.0085,2,0,2,2.0463576825048,0.0464,2,2,-3.4810011320382,0.019,2,-3.5,0.0084933499841011,0.0085,2,0,2,2.0463576825048,0.0464,2,2,-3.4810011320382,0.019,2,-3.5,-1.4988072030302,0.5012,1,-2,1,11.735568014874,2.7356,1,9,-4.8788763219616,1.1211,1,-6,1589.079779666,1599.0676606765,2,1589.079779666,1599.0676606765,100,2,1589.079779666,1599.0676606765,2,1589.079779666,1599.0676606765,100,2,,,0,,,,0,1530.5227711826,1559.0620285791,2,1530.5227711826,1559.0620285791,100,2,1530.5227711826,1559.0620285791,2,1530.5227711826,1559.0620285791,100,2,1595.0122275944,1631.6948426329,1,1595.0122275944,1631.6948426329,100,1,2,2.5,15.5,15.5,5,5.5,2,1.5,1.5,15.5,17.5,7.5,4,2,2,2,1,7,1,2,0,7,,,,,,,2,1,1,0,-1,1,0,1,A,3
5688,2026-09-06T15:30:00+00:00,19,16,299,302,core_v1,2,33.333333333333,3,4,14,0.70528967254408,1,3,0,1985,100,4,6,188,9.4472361809045,4,4,0,1990,,,0,36,0,,,,0,36,0,,3.5,7.5,4,23,100,5,5,4,2,3.5,7.5,4,21,100,5,5,6,2,1540.6316931767,149.77786651698,1690.4095596937,1.24,12.34,3.9,2.83,1.59,15.03,4.41,0.2759,0.3448,0.35,0.3793,29,29,29,0.97585372589827,-0.0241,2,1,2,2.8682068547065,-0.1318,2,3,-0.054013066020756,-0.054,2,0,0.97585372589827,-0.0241,2,1,2,2.8682068547065,-0.1318,2,3,-0.054013066020756,-0.054,2,0,0.84627043900952,-0.1537,1,1,1,3.1609263490441,-0.8391,1,4,-0.34387934519991,-0.3439,1,0,2.0389219093592,0.0389,2,2,2,8.2124402644344,0.2124,2,8,3.5870648469828,0.0871,2,3.5,2.0389219093592,0.0389,2,2,2,8.2124402644344,0.2124,2,8,3.5870648469828,0.0871,2,3.5,2.7819813859591,-0.218,1,3,1,14.810029292473,-1.19,1,16,4.5123117651885,-0.4877,1,5,1525.375960725,1738.1878532979,2,1525.375960725,1738.1878532979,100,2,1525.375960725,1738.1878532979,2,1525.375960725,1738.1878532979,100,2,1508.4147975197,1706.7393284134,1,1508.4147975197,1706.7393284134,100,1,1533.6309585602,1712.4295418062,2,1533.6309585602,1712.4295418062,100,2,1533.6309585602,1712.4295418062,2,1533.6309585602,1712.4295418062,100,2,1500,1663.1327011963,1,1500,1663.1327011963,100,1,2.5,3.5,14.5,17.5,6,6,2,0,2,5.5,13.5,0.5,4,2,2,2,0,7,1,2,1,5,,,,,,,1,0,1,0,1,2,1,1,H,3
6436,2026-09-06T15:30:00+00:00,21,18,342,343,core_v1,1,25,4,1,90,9.0180360721443,1,1,0,998,0,3,0,,0,0,0,0,995,,,0,20,0,,,,0,20,0,,,,0,11,100,1,1,0,0,,,0,11,100,1,1,0,0,1501.8732895845,7.8515290553762,1509.7248186399,1.41,13.35,4.24,3.88,2.47,17.76,6.59,0.2353,0.1765,1.06,0.5882,17,17,17,2.7983233870775,-0.2017,1,3,1,11.899225816902,-1.1008,1,13,7.5488673671669,-0.4511,1,8,2.7983233870775,-0.2017,1,3,1,11.899225816902,-1.1008,1,13,7.5488673671669,-0.4511,1,8,,,0,,0,,,0,,,,0,,-0.50329862820465,-0.5033,1,0,1,-9.7470618843107,-2.7471,1,-7,-8.1258342350808,-1.1258,1,-7,-0.50329862820465,-0.5033,1,0,1,-9.7470618843107,-2.7471,1,-7,-8.1258342350808,-1.1258,1,-7,,,0,,0,,,0,,,,0,,1500,1448.4784933839,1,1500,1448.4784933839,100,1,1500,1448.4784933839,1,1500,1448.4784933839,100,1,,,0,,,,0,1460.520678628,1521.9782478994,1,1460.520678628,1521.9782478994,100,1,1460.520678628,1521.9782478994,1,1460.520678628,1521.9782478994,100,1,,,0,,,,0,0,3,11,24,5,13,1,3,3,19,12,10,3,1,1,1,1,7,1,1,0,8,,,,,,,4,1,1,0,-3,1,0,1,A,5
5307,2026-09-06T16:00:00+00:00,18,15,284,275,core_v1,2,0,6,0,,0,0,0,0,1980,100,2,7,159,8.030303030303,2,3,0,1980,,,0,28,0,,,,0,45,0,,2,9,1,13,100,2,2,0,0,4.75,6.25,4,27,100,5,5,3,0,1491.1344251995,28.411752301657,1519.5461775012,1.46,14,4.73,2.77,1.31,15.27,4.42,0.5,0.0769,-0.15,0.4231,26,26,26,-0.039631491587086,-0.0396,2,0,2,8.2836867540338,-0.2163,2,8.5,1.9113478807299,-0.0887,2,2,-0.039631491587086,-0.0396,2,0,2,8.2836867540338,-0.2163,2,8.5,1.9113478807299,-0.0887,2,2,-0.59969572934637,0.4003,1,-1,1,10.184906817573,2.1849,1,8,1.8954450242762,0.8954,1,1,-0.69123967790046,0.3088,2,-1,2,8.6852494020354,1.6852,2,7,2.1906693592514,0.6907,2,1.5,-0.69123967790046,0.3088,2,-1,2,8.6852494020354,1.6852,2,7,2.1906693592514,0.6907,2,1.5,-0.82887784343901,0.1711,1,-1,1,4.9340044409154,0.934,1,4,2.3827850334591,0.3828,1,2,1517.754199777,1653.3098316364,2,1517.754199777,1653.3098316364,100,2,1517.754199777,1653.3098316364,2,1517.754199777,1653.3098316364,100,2,1575.33741473,1720.8880094527,1,1575.33741473,1720.8880094527,100,1,1563.3552225109,1680.9005909211,2,1563.3552225109,1680.9005909211,100,2,1563.3552225109,1680.9005909211,2,1563.3552225109,1680.9005909211,100,2,1545.3397558173,1640.9131723895,1,1545.3397558173,1640.9131723895,100,1,1.5,1.5,12,20.5,5.5,7.5,2,1,0,8,15,2.5,4,2,2,2,0,7,2,2,1,5,,,,,,,2,0,1,1,0,2,0,1,D,4
6077,2026-09-06T16:30:00+00:00,20,17,319,322,core_v1,3,50,2,3,64,2.1490933512424,1,0,0,2978,16.666666666667,6,3,9,0.30221625251847,1,0,0,2978,,,0,27,0,,,,0,23,0,,1.5,9.5,2,14,100,3,3,0,0,1.5,9.5,2,13,100,3,3,0,0,1487.878972052,0.90007854286682,1488.7790505949,1.25,11.72,4.14,2.97,1.72,13.81,5.11,0.25,0.2222,0.47,0.5278,36,36,36,-0.17401047593038,-0.174,3,0,3,-5.6164358873861,-0.9498,3,-4.6666666666667,-3.0559126134795,-0.3892,3,-2.6666666666667,-0.17401047593038,-0.174,3,0,3,-5.6164358873861,-0.9498,3,-4.6666666666667,-3.0559126134795,-0.3892,3,-2.6666666666667,-1.9962350973699,-0.4962,2,-1.5,2,-9.2085083194145,-2.7085,2,-6.5,-7.1100337452948,-1.11,2,-6,-1.4780476777975,0.522,3,-2,3,0.18220922807755,2.8489,3,-2.6666666666667,-3.499105778389,1.1676,3,-4.6666666666667,-1.4780476777975,0.522,3,-2,3,0.18220922807755,2.8489,3,-2.6666666666667,-3.499105778389,1.1676,3,-4.6666666666667,-0.20550796435416,-0.2055,1,0,1,5.8783138594806,-1.1217,1,7,-2.4597030249755,-0.4597,1,-2,1501.8072209064,1546.503781149,3,1462.3894768426,1536.7944533933,100,3,1501.8072209064,1546.503781149,3,1462.3894768426,1536.7944533933,100,3,1459.6312233358,1499.6664092133,2,1459.6312233358,1499.6664092133,100,2,1592.9018279918,1737.2098623115,3,1590.5924696901,1787.4722007547,100,3,1592.9018279918,1737.2098623115,3,1590.5924696901,1787.4722007547,100,3,1497.6845129975,1522.0041568726,1,1497.6845129975,1522.0041568726,100,1,1.67,1.67,16,11.33,6.33,3.67,3,2.33,0.33,13.33,10.67,6,1.33,3,2,3,0,8,2,3,0,7,,,,,,,0,0,0,1,0,0,0,0,D,0
6078,2026-09-06T16:30:00+00:00,20,17,325,330,core_v1,3,66.666666666667,3,10,338,11.380471380471,2,7,1,2970,100,3,8,288,9.6969696969697,3,6,0,2970,,,0,34,0,,,,0,41,0,,4,7,4,21,100,5,5,5,2,3.25,7.75,4,24,100,5,5,3,3,1483.1784458044,10.783464977297,1493.9619107817,1.25,11.72,4.14,2.97,1.72,13.81,5.11,0.25,0.2222,0.47,0.5278,36,36,36,0.45397778318086,-0.2127,3,0.66666666666667,3,1.8391195757385,-1.1609,3,3,2.8575672313998,-0.4758,3,3.3333333333333,0.45397778318086,-0.2127,3,0.66666666666667,3,1.8391195757385,-1.1609,3,3,2.8575672313998,-0.4758,3,3.3333333333333,1.0305897928153,0.0306,1,1,1,9.1669626126173,0.167,1,9,3.068426643876,0.0684,1,3,1.4147525288907,0.0814,3,1.3333333333333,3,3.4443953474794,0.4444,3,3,0.84879416039384,0.1821,3,0.66666666666667,1.4147525288907,0.0814,3,1.3333333333333,3,3.4443953474794,0.4444,3,3,0.84879416039384,0.1821,3,0.66666666666667,2.1551690892517,0.1552,2,2,2,1.846930762015,0.8469,2,1,1.3470994417946,0.3471,2,1,1496.7446021164,1516.3791605157,3,1486.5409075594,1487.9810933281,100,3,1496.7446021164,1516.3791605157,3,1486.5409075594,1487.9810933281,100,3,1528.5873607946,1582.2182112765,1,1528.5873607946,1582.2182112765,100,1,1535.2404239807,1548.8822749746,3,1515.9341690869,1487.9810933281,100,3,1535.2404239807,1548.8822749746,3,1515.9341690869,1487.9810933281,100,3,1544.8935514276,1583.8974894595,2,1544.8935514276,1583.8974894595,100,2,0.33,1,8.67,11.67,1.33,4.67,3,0.33,1.67,11,14,3.67,4.33,3,3,3,1,5,1,3,0,8,,,,,,,2,0,1,0,3,5,1,1,H,7
5308,2026-09-06T18:45:00+00:00,18,15,281,276,core_v1,2,100,1,5,17,0.85858585858586,1,2,0,1980,100,7,21,211,10.592369477912,7,12,1,1992,,,0,44,0,,,,0,42,0,,3.5,7.5,4,25,100,5,5,2,2,4,7,4,24,100,5,5,4,2,1594.0378315307,32.424038630576,1626.4618701613,1.48,14.04,4.78,2.81,1.33,15.48,4.44,0.4815,0.1111,-0.15,0.4074,27,27,27,0.8482186390008,-0.6518,2,1.5,2,5.4425022573735,-3.5575,2,9,1.5420231073984,-1.458,2,3,0.8482186390008,-0.6518,2,1.5,2,5.4425022573735,-3.5575,2,9,1.5420231073984,-1.458,2,3,0.5852807268692,-0.4147,1,1,1,8.73641443854,-2.2636,1,11,2.072309898193,-0.9277,1,3,1.1904542746322,-0.3095,2,1.5,2,11.310463776461,-1.6895,2,13,2.3075737635424,-0.6924,2,3,1.1904542746322,-0.3095,2,1.5,2,11.310463776461,-1.6895,2,13,2.3075737635424,-0.6924,2,3,1.5561821271479,-0.4438,1,2,1,14.57759092959,-2.4224,1,17,2.0072189205442,-0.9928,1,3,1437.6298713199,1554.0942474022,2,1437.6298713199,1554.0942474022,100,2,1437.6298713199,1554.0942474022,2,1437.6298713199,1554.0942474022,100,2,1468.6589404127,1585.7316538201,1,1468.6589404127,1585.7316538201,100,1,1482.4251115858,1525.5426412162,2,1482.4251115858,1525.5426412162,100,2,1482.4251115858,1525.5426412162,2,1482.4251115858,1525.5426412162,100,2,1464.8502231717,1560.0477830933,1,1464.8502231717,1560.0477830933,100,1,0.5,2,8.5,17.5,1.5,4.5,2,0,1.5,7.5,20.5,2.5,5.5,2,2,2,0,9,1,2,0,8,,,,,,,1,0,1,1,0,1,0,0,D,2
6753,2026-09-06T18:45:00+00:00,22,19,355,367,core_v1,2,25,4,2,173,8.7373737373737,1,2,0,1980,100,2,5,184,9.1542288557214,2,3,0,2010,,,0,21,0,,,,0,36,0,,,,0,21,50,2,1,0,0,4,7,4,25,100,5,5,2,2,1528.261927283,42.020398010276,1570.2823252932,1.54,12.69,4.54,3.04,1.5,16.35,5.27,0.4231,0.3077,-0.04,0.2692,26,26,26,1.1875987959653,-0.3124,2,1.5,2,-1.7051217550064,-1.7051,2,0,-1.1988136880829,-0.6988,2,-0.5,1.1875987959653,-0.3124,2,1.5,2,-1.7051217550064,-1.7051,2,0,-1.1988136880829,-0.6988,2,-0.5,-0.22470062185129,-0.2247,1,0,1,-0.22644187581136,-1.2264,1,1,-1.5026352915495,-0.5026,1,-1,1.2577799894888,0.2578,2,1,2,6.906992874566,1.407,2,5.5,2.0766308927178,0.5766,2,1.5,1.2577799894888,0.2578,2,1,2,6.906992874566,1.407,2,5.5,2.0766308927178,0.5766,2,1.5,4.2218760215468,0.2219,1,4,1,10.211024882003,1.211,1,9,6.4963169120726,0.4963,1,6,1488.5208662064,1456.8221914652,2,1488.5208662064,1456.8221914652,100,2,1488.5208662064,1456.8221914652,2,1488.5208662064,1456.8221914652,100,2,1500,1363.6027322793,1,1500,1363.6027322793,100,1,1563.1519124791,1665.162710255,2,1563.1519124791,1665.162710255,100,2,1563.1519124791,1665.162710255,2,1563.1519124791,1665.162710255,100,2,1558.4524402354,1658.3818119122,1,1558.4524402354,1658.3818119122,100,1,0,1.5,12.5,12.5,3,2.5,2,1,2,8,13.5,3.5,5,2,1,2,0,7,1,2,1,7,,,,,,,3,1,1,0,-1,2,0,1,A,5
6079,2026-09-06T19:00:00+00:00,20,17,323,320,core_v1,3,100,1,1,20,0.67385444743935,1,0,0,2968,33.333333333333,3,2,,0,1,2,0,2987,,,0,45,0,,,,0,38,0,,4.25,6.75,4,27,100,5,5,2,1,2.5,8.5,4,21,100,5,5,4,4,1464.621231667,-12.617966075938,1452.003265591,1.24,11.58,4.13,3,1.76,13.66,5.11,0.2368,0.2368,0.52,0.5263,38,38,38,0.43747082113074,0.1041,3,0.33333333333333,3,1.9017277366255,0.5684,3,1.3333333333333,-0.76705370857884,0.2329,3,-1,0.43747082113074,0.1041,3,0.33333333333333,3,1.9017277366255,0.5684,3,1.3333333333333,-0.76705370857884,0.2329,3,-1,1.7608172873129,-0.2392,1,2,1,-12.305486795687,-1.3055,1,-11,-4.5350304397673,-0.535,1,-4,0.48026572516639,0.1469,3,0.33333333333333,3,-1.5313594145586,0.802,3,-2.3333333333333,-1.6713253172216,0.3287,3,-2,0.48026572516639,0.1469,3,0.33333333333333,3,-1.5313594145586,0.802,3,-2.3333333333333,-1.6713253172216,0.3287,3,-2,1.4441108733904,0.4441,2,1,2,1.924008301097,2.424,2,-0.5,1.4934364955815,0.9934,2,0.5,1538.2140224414,1630.5937496855,3,1526.4131773894,1625.4572022969,100,3,1538.2140224414,1630.5937496855,3,1526.4131773894,1625.4572022969,100,3,1493.2768234251,1625.4572022969,1,1493.2768234251,1625.4572022969,100,1,1543.8154496712,1678.2069428771,3,1484.1669539689,1653.5294223816,100,3,1543.8154496712,1678.2069428771,3,1484.1669539689,1653.5294223816,100,3,1582.7131566814,1690.5457031248,2,1582.7131566814,1690.5457031248,100,2,1.67,2,12,13.33,5.33,4.33,3,1.33,1.67,14,11.67,6,4,3,1,3,0,7,1,3,0,8,,,,,,,1,0,1,1,0,1,0,0,D,2
5309,2026-09-07T16:30:00+00:00,18,15,277,291,core_v1,2,100,1,2,128,6.2561094819159,1,2,0,2046,33.333333333333,3,4,,0,1,3,0,1997,,,0,47,0,,,,0,45,0,,3,8,4,22,100,5,5,4,2,3.5,7.5,4,24,100,5,5,0,0,1438.75061801,24.746636503288,1463.4972545133,1.46,13.64,4.64,2.79,1.32,15.43,4.46,0.4643,0.1429,-0.14,0.3929,28,28,28,-0.99376774792067,0.0062,2,-1,2,-7.4659836503,0.034,2,-7.5,-3.4860590068016,0.0139,2,-3.5,-0.99376774792067,0.0062,2,-1,2,-7.4659836503,0.034,2,-7.5,-3.4860590068016,0.0139,2,-3.5,1.1971354432165,-0.8029,1,2,1,-11.38212722747,-4.3821,1,-7,-3.7959365543756,-1.7959,1,-2,0.49620923921044,0.4962,2,0,2,-7.2916328173985,2.7084,2,-10,-0.89002409710649,1.11,2,-2,0.49620923921044,0.4962,2,0,2,-7.2916328173985,2.7084,2,-10,-0.89002409710649,1.11,2,-2,0.34245904835165,1.3425,1,-1,1,-13.672703885306,7.3273,1,-21,-3.9970385947212,3.003,1,-7,1523.7573075868,1629.5899421717,2,1523.7573075868,1629.5899421717,100,2,1523.7573075868,1629.5899421717,2,1523.7573075868,1629.5899421717,100,2,1417.8545839136,1522.4568409842,1,1417.8545839136,1522.4568409842,100,1,1587.8904210856,1679.1452832445,2,1587.8904210856,1679.1452832445,100,2,1587.8904210856,1679.1452832445,2,1587.8904210856,1679.1452832445,100,2,1698.6561029104,1798.2427833957,1,1698.6561029104,1798.2427833957,100,1,2,1,17,9.5,7.5,4,2,0.5,0.5,22,12,4.5,2.5,2,1,2,1,7,1,2,0,7,,,,,,,0,0,0,0,1,1,1,0,H,1
6080,2026-09-07T17:00:00+00:00,20,17,328,321,core_v1,3,100,2,5,167,4.2591175720479,2,3,0,3921,100,5,10,388,13.224267211997,5,7,0,2934,,,0,38,0,,,,0,46,0,,6.6666666666667,4.3333333333333,3,30,80,5,4,5,1,3.75,7.25,4,25,100,5,5,3,2,1503.2545466928,-25.340510053221,1477.9140366396,1.23,11.44,4.1,2.97,1.74,13.62,5.05,0.2308,0.2564,0.51,0.5128,39,39,39,-1.0753835633057,-0.3254,4,-0.75,4,-8.7759809672574,-1.776,4,-7,-3.2278540702741,-0.7279,4,-2.5,-1.0753835633057,-0.3254,4,-0.75,4,-8.7759809672574,-1.776,4,-7,-3.2278540702741,-0.7279,4,-2.5,-0.2289959675231,-0.229,2,0,2,-6.2498863672399,-1.2499,2,-5,-1.5122435975091,-0.5122,2,-1,-1.3238835277798,-0.3239,3,-1,3,-3.4344602672451,-1.7678,3,-1.6666666666667,-3.7244986243138,-0.7245,3,-3,-1.3238835277798,-0.3239,3,-1,3,-3.4344602672451,-1.7678,3,-1.6666666666667,-3.7244986243138,-0.7245,3,-3,0.82162332538803,-0.1784,1,1,1,5.0263995639635,-0.9736,1,6,-2.399012744649,-0.399,1,-2,1481.9939895745,1575.234545414,4,1475.9323535879,1592.4351971206,100,4,1481.9939895745,1575.234545414,4,1475.9323535879,1592.4351971206,100,4,1494.610167033,1606.4713071629,2,1494.610167033,1606.4713071629,100,2,1482.1903293031,1470.8805597701,3,1474.5515748847,1462.5383650333,100,3,1482.1903293031,1470.8805597701,3,1474.5515748847,1462.5383650333,100,3,1501.2357289324,1510.8480992369,1,1501.2357289324,1510.8480992369,100,1,1,0.25,13.5,6.5,4.75,2.25,4,1.33,0.33,11.33,9.67,4.33,1.33,3,3,4,1,3,1,3,1,6,,,,,,,1,0,1,1,0,1,0,0,D,2
5310,2026-09-07T18:45:00+00:00,18,15,279,274,core_v1,2,100,7,21,200,10.10101010101,7,11,1,1980,50,4,3,134,6.7302862882973,2,2,0,1991,,,0,40,0,,,,0,43,0,,4,7,4,24,100,5,5,2,2,3.75,7.25,4,24,100,5,5,4,2,1562.4993623993,-71.819439594265,1490.679922805,1.41,13.52,4.59,2.72,1.31,15.59,4.62,0.4483,0.1379,-0.1,0.4138,29,29,29,0.79867826953791,-0.2013,2,1,2,0.40116280624747,-1.0988,2,1.5,-0.95033879235565,-0.4503,2,-0.5,0.79867826953791,-0.2013,2,1,2,0.40116280624747,-1.0988,2,1.5,-0.95033879235565,-0.4503,2,-0.5,1.1139120964091,0.1139,1,1,1,-3.3782546570343,0.6217,1,-4,-1.7451887791059,0.2548,1,-2,0.09322033714175,-0.4068,2,0.5,2,-5.2202502540823,-2.2203,2,-3,-2.4099299002942,-0.9099,2,-1.5,0.09322033714175,-0.4068,2,0.5,2,-5.2202502540823,-2.2203,2,-3,-2.4099299002942,-0.9099,2,-1.5,0.5761290506423,0.5761,1,0,1,0.14457871881987,3.1446,1,-3,-1.7112505922151,1.2887,1,-3,1496.5905559452,1597.3727218956,2,1496.5905559452,1597.3727218956,100,2,1496.5905559452,1597.3727218956,2,1496.5905559452,1597.3727218956,100,2,1537.8515280488,1616.0361644509,1,1537.8515280488,1616.0361644509,100,1,1469.6981564169,1628.3471335234,2,1469.6981564169,1628.3471335234,100,2,1469.6981564169,1628.3471335234,2,1469.6981564169,1628.3471335234,100,2,1598.3511293882,1751.6065343163,1,1598.3511293882,1751.6065343163,100,1,0,1,11,12.5,3,2.5,2,1.5,2,17.5,14.5,5.5,4,2,1,2,0,8,1,2,0,9,,,,,,,2,1,1,0,-1,1,0,1,A,3
6081,2026-09-07T19:30:00+00:00,20,17,332,329,core_v1,3,100,2,2,,0,2,1,0,3965,0,3,0,,0,0,0,0,2976,,,0,37,0,,,,0,25,0,,4.6666666666667,6.3333333333333,3,26,80,5,4,7,4,1.5,9.5,2,14,100,3,3,0,0,1473.2331071486,-5.8979312575925,1467.335175891,1.23,11.55,4.08,2.95,1.73,13.53,4.98,0.225,0.275,0.5,0.5,40,40,40,-0.51769405510495,0.2323,4,-0.75,4,0.26795260499001,1.268,4,-1,0.019647722284876,0.5196,4,-0.5,-0.51769405510495,0.2323,4,-0.75,4,0.26795260499001,1.268,4,-1,0.019647722284876,0.5196,4,-0.5,-1.2042092425999,0.7958,2,-2,2,-5.1564823843479,4.3435,2,-9.5,-4.2198869052399,1.7801,2,-6,-1.6453896551604,0.3546,3,-2,3,3.2688374406387,1.9355,3,1.3333333333333,0.45989844589565,0.7932,3,-0.33333333333333,-1.6453896551604,0.3546,3,-2,3,3.2688374406387,1.9355,3,1.3333333333333,0.45989844589565,0.7932,3,-0.33333333333333,-3.5015383268063,1.4985,1,-5,1,4.1787764099706,8.1788,1,-4,-1.6480746080001,3.3519,1,-5,1554.9899985013,1665.3361047493,4,1536.3831244045,1611.1983681484,100,4,1554.9899985013,1665.3361047493,4,1536.3831244045,1611.1983681484,100,4,1628.7445551119,1771.1658771637,2,1628.7445551119,1771.1658771637,100,2,1570.9984278135,1637.6355927344,3,1500,1522.0041568726,100,3,1570.9984278135,1637.6355927344,3,1500,1522.0041568726,100,3,1720.7171880692,1880.0545220936,1,1720.7171880692,1880.0545220936,100,1,1.5,0.75,14,13,5.75,5.25,4,3,1,10.67,12,5.33,5,3,3,4,1,4,1,3,0,10,,,,,,,3,1,1,0,-1,2,0,1,A,5
6437,2026-09-11T18:30:00+00:00,21,18,348,346,core_v1,2,,0,0,,,0,0,0,,,0,0,,,0,0,0,,,,0,21,0,,,,0,22,0,,,,0,21,50,2,1,0,0,,,0,20,50,2,1,0,0,1496.6365229816,-41.578615238005,1455.0579077436,1.56,13.56,4.39,3.94,2.39,18,6.67,0.2778,0.1667,0.83,0.5556,18,18,18,-0.78113293557177,0.7189,2,-1.5,2,-8.0763407609087,3.9237,2,-12,-4.3919583598065,1.608,2,-6,-0.78113293557177,0.7189,2,-1.5,2,-8.0763407609087,3.9237,2,-12,-4.3919583598065,1.608,2,-6,-3.2521141669728,-0.2521,1,-3,1,-14.376068162666,-1.3761,1,-13,-8.5639569520374,-0.564,1,-8,-1.8430007955756,0.157,2,-2,2,-3.6430802585737,0.8569,2,-4.5,-1.1488067534538,0.3512,2,-1.5,-1.8430007955756,0.157,2,-2,2,-3.6430802585737,0.8569,2,-4.5,-1.1488067534538,0.3512,2,-1.5,-0.12982246950806,-0.1298,1,0,1,6.2914140080516,-0.7086,1,7,6.70959869059,-0.2904,1,7,1620.4900101244,1716.2224972282,2,1620.4900101244,1716.2224972282,100,2,1620.4900101244,1716.2224972282,2,1620.4900101244,1716.2224972282,100,2,1493.3982259096,1581.1741235343,1,1493.3982259096,1581.1741235343,100,1,1546.9470965114,1697.1938326329,2,1546.9470965114,1697.1938326329,100,2,1546.9470965114,1697.1938326329,2,1546.9470965114,1697.1938326329,100,2,1509.4049925935,1658.7986959742,1,1509.4049925935,1658.7986959742,100,1,1.5,0,19.5,7.5,9,3,2,3.5,1.5,16.5,12,6.5,5,2,2,2,1,6,2,2,1,6,70930000,1448.4784933839,115780000,1521.9782478994,0.48999836343686,73.49975451553,3,1,1,0,-2,1,0,1,A,4
5311,2026-09-11T18:45:00+00:00,18,15,289,285,core_v1,3,,0,0,,,0,0,0,,,0,0,,,0,0,0,,,,0,52,0,,,,0,51,0,,5.3333333333333,5.6666666666667,3,34,80,5,4,3,1,3.75,7.25,4,25,100,5,5,2,2,1485.3725610681,-88.391774356079,1396.980786712,1.43,13.7,4.63,2.73,1.3,15.4,4.67,0.4667,0.1333,-0.13,0.4,30,30,30,-2.6682432981958,-0.0016,3,-2.6666666666667,3,3.9913945635123,-0.0086,3,4,-1.3368601177356,-0.0035,3,-1.3333333333333,-2.6682432981958,-0.0016,3,-2.6666666666667,3,3.9913945635123,-0.0086,3,4,-1.3368601177356,-0.0035,3,-1.3333333333333,-3.2267471151949,0.7733,1,-4,1,-3.7794966889563,4.2205,1,-8,-2.2703021202461,1.7297,1,-4,-1.770849677172,-0.1042,3,-1.6666666666667,3,0.098023795191249,-0.5686,3,0.66666666666667,-1.8997147883337,-0.233,3,-1.6666666666667,-1.770849677172,-0.1042,3,-1.6666666666667,3,0.098023795191249,-0.5686,3,0.66666666666667,-1.8997147883337,-0.233,3,-1.6666666666667,-2.6790298517373,-0.679,1,-2,1,3.2937768563551,-3.7062,1,7,0.48107065887551,-1.5189,1,2,1522.7352024024,1604.4973988395,3,1491.5288350247,1585.7316538201,100,3,1522.7352024024,1604.4973988395,3,1491.5288350247,1585.7316538201,100,3,1624.1526783624,1736.7230433592,1,1624.1526783624,1736.7230433592,100,1,1509.3050480862,1565.2326681399,3,1503.765190191,1491.0374993391,100,3,1509.3050480862,1565.2326681399,3,1503.765190191,1491.0374993391,100,3,1434.0633149406,1471.1442161029,1,1434.0633149406,1471.1442161029,100,1,3,0.33,12,16,6,4.67,3,2.33,0.67,13.67,14.33,6,4.33,3,2,3,1,6,2,3,1,5,322750000,1675.7561765608,116150000,1522.4568409842,-1.0219955705103,-153.29933557655,4,1,1,0,-2,2,0,1,A,6
6754,2026-09-11T18:45:00+00:00,22,19,359,355,core_v1,3,,0,0,,,0,0,0,,,0,0,,,0,0,0,,,,0,37,0,,,,0,41,0,,4.3333333333333,6.6666666666667,3,31,80,5,4,2,2,4.3333333333333,6.6666666666667,3,29,80,5,4,2,0,1557.4275246538,12.351364741729,1569.7788893955,1.59,12.89,4.63,3.11,1.52,16.26,5.26,0.4444,0.2963,-0.07,0.2593,27,27,27,0.50226016052273,0.1689,3,0.33333333333333,3,3.2553554136734,0.922,3,2.3333333333333,0.71120761038397,0.3779,3,0.33333333333333,0.50226016052273,0.1689,3,0.33333333333333,3,3.2553554136734,0.922,3,2.3333333333333,0.71120761038397,0.3779,3,0.33333333333333,-1.7063160425692,0.2937,1,-2,1,3.6029608671291,1.603,1,2,-2.343055126637,0.6569,1,-3,0.74505412235748,0.0784,3,0.66666666666667,3,-0.23881890458463,0.4278,3,-0.66666666666667,1.1753457614864,0.1753,3,1,0.74505412235748,0.0784,3,0.66666666666667,3,-0.23881890458463,0.4278,3,-0.66666666666667,1.1753457614864,0.1753,3,1,0.95586889479722,0.4559,2,0.5,2,2.4881849362623,2.4882,2,0,1.519738142943,1.0197,2,0.5,1551.5219174137,1637.5723140103,3,1558.4524402354,1658.3818119122,100,3,1551.5219174137,1637.5723140103,3,1558.4524402354,1658.3818119122,100,3,1567.8513847228,1671.9436085977,1,1567.8513847228,1671.9436085977,100,1,1539.671214338,1543.7307519862,3,1497.5964240218,1433.0569346057,100,3,1539.671214338,1543.7307519862,3,1497.5964240218,1433.0569346057,100,3,1589.079779666,1599.0676606765,2,1589.079779666,1599.0676606765,100,2,1.67,2,11.33,13.67,4.67,5,3,1.67,2.33,16.67,16,4.33,5.33,3,2,3,1,5,2,3,1,5,181850000,1589.7017978167,233300000,1627.0732489559,0.24914300759439,37.371451139158,0,0,0,0,1,1,1,0,H,1
6084,2026-09-11T19:00:00+00:00,20,17,320,317,core_v1,4,,0,0,,,0,0,0,,,0,0,,,0,0,0,,,,0,45,0,,,,0,45,0,,4.75,6.25,4,25,100,5,5,6,2,4.25,6.75,4,26,100,5,5,7,1,1490.0561620706,-24.079558088915,1465.9766039816,1.27,11.59,4.12,3,1.73,13.68,5.1,0.2439,0.2683,0.46,0.4878,41,41,41,-1.5479089854954,0.4521,4,-2,4,-2.2824351695236,2.4676,4,-4.75,-1.2387126390206,1.0113,4,-2.25,-1.5479089854954,0.4521,4,-2,4,-2.2824351695236,2.4676,4,-4.75,-1.2387126390206,1.0113,4,-2.25,-2.1932141392833,-0.1932,1,-2,1,-0.054585027240232,-1.0546,1,1,-0.43220283250685,-0.4322,1,0,0.18947494221316,-0.0605,4,0.25,4,-0.83035273687321,-0.3304,4,-0.5,-0.88538916722214,-0.1354,4,-0.75,0.18947494221316,-0.0605,4,0.25,4,-0.83035273687321,-0.3304,4,-0.5,-0.88538916722214,-0.1354,4,-0.75,-0.22420241196035,0.2758,2,-0.5,2,9.0053350027819,1.5053,2,7.5,1.1169346570154,0.6169,2,0.5,1583.7576777696,1656.1138538157,4,1551.7252669987,1611.1983681484,100,4,1583.7576777696,1656.1138538157,4,1551.7252669987,1611.1983681484,100,4,1499.2936524047,1522.0041568726,1,1499.2936524047,1522.0041568726,100,1,1516.6613332288,1607.1439256124,4,1509.8450004073,1581.1258278451,100,4,1516.6613332288,1607.1439256124,4,1509.8450004073,1581.1258278451,100,4,1560.6826219496,1633.1620233798,2,1560.6826219496,1633.1620233798,100,2,2.25,0.25,14.5,9.75,5,2.75,4,1.5,1.75,12,11.5,4.75,4,4,2,4,1,5,2,4,1,5,148600000,1559.4131919443,169100000,1578.7980104875,0.12923212362088,19.384818543131,0,0,0,0,1,1,1,0,H,1
6091,2026-09-12T12:00:00+00:00,20,17,333,325,core_v1,4,100,2,2,54,1.361230148727,2,2,0,3967,100,2,7,239,6.0050251256281,2,4,0,3980,,,0,41,0,,,,0,31,0,,3.25,7.75,4,23,100,5,5,8,3,2,9,2,26,75,4,3,5,0,1501.9523258027,-9.8776884614531,1492.0746373413,1.24,11.38,4.02,2.95,1.71,13.67,5.07,0.2381,0.2619,0.47,0.5,42,42,42,1.7319808172407,-0.018,4,1.75,4,3.4016492249916,-0.0984,4,3.5,0.95969269196899,-0.0403,4,1,1.7319808172407,-0.018,4,1.75,4,3.4016492249916,-0.0984,4,3.5,0.95969269196899,-0.0403,4,1,-0.066080591831184,-0.0661,1,0,1,6.6393245184083,-0.3607,1,7,-0.14781640240771,-0.1478,1,0,-0.31229261582142,-0.0623,4,-0.25,4,-3.590000272219,-0.34,4,-3.25,-2.3893430372236,-0.1393,4,-2.25,-0.31229261582142,-0.0623,4,-0.25,4,-3.590000272219,-0.34,4,-3.25,-2.3893430372236,-0.1393,4,-2.25,0.6113083036422,0.1113,2,0.5,2,0.60753354213084,0.6075,2,0,-2.2510132317742,0.249,2,-2.5,1522.2249294366,1527.2962974893,4,1501.1221691225,1483.4164696665,100,4,1522.2249294366,1527.2962974893,4,1501.1221691225,1483.4164696665,100,4,1515.9341690869,1478.8518460049,1,1515.9341690869,1478.8518460049,100,1,1516.4299774651,1525.3702652516,4,1493.7073440275,1483.4164696665,100,4,1516.4299774651,1525.3702652516,4,1493.7073440275,1483.4164696665,100,4,1539.1526109028,1567.3240608367,2,1539.1526109028,1567.3240608367,100,2,0.75,2.5,10,13.5,4,5,4,2,1.75,14.5,11.25,6.25,4,4,1,4,1,5,1,4,1,6,66700000,1439.25521504,107500000,1510.8480992369,0.47728589464614,71.592884196921,1,0,1,0,1,2,1,1,H,3
5312,2026-09-12T13:00:00+00:00,18,15,280,288,core_v1,3,,0,0,,,0,0,0,,50,2,1,,0,1,0,0,2976,,,0,28,0,,,,0,47,0,,1.5,9.5,2,13,100,3,3,0,0,4,7,3,35,80,5,4,2,1,1509.4340133024,-66.959859091878,1442.4741542105,1.52,13.87,4.81,2.84,1.32,15.26,4.65,0.4839,0.129,-0.2,0.3871,31,31,31,0.89284956370743,-0.1072,3,1,3,-8.5848394232199,-0.5848,3,-8,0.76031401096335,-0.2397,3,1,0.89284956370743,-0.1072,3,1,3,-8.5848394232199,-0.5848,3,-8,0.76031401096335,-0.2397,3,1,2.9054308052393,-0.0946,1,3,1,-13.516169557791,-0.5162,1,-13,1.7884571284737,-0.2115,1,2,-1.3956084287549,0.6044,3,-2,3,-2.701161188361,3.2988,3,-6,-1.9813631824721,1.352,3,-3.3333333333333,-1.3956084287549,0.6044,3,-2,3,-2.701161188361,3.2988,3,-6,-1.9813631824721,1.352,3,-3.3333333333333,-1.7229037435929,0.7771,2,-2.5,2,-1.2585191240609,4.2415,2,-5.5,-2.7617048400528,1.7383,2,-4.5,1508.9166415695,1657.2419869461,3,1510.5634009323,1675.7561765608,100,3,1508.9166415695,1657.2419869461,3,1510.5634009323,1675.7561765608,100,3,1510.5634009323,1675.7561765608,1,1510.5634009323,1675.7561765608,100,1,1602.0504121896,1704.0605092545,3,1609.7782409924,1719.6618210576,100,3,1602.0504121896,1704.0605092545,3,1609.7782409924,1719.6618210576,100,3,1624.6557374726,1735.634177687,2,1624.6557374726,1735.634177687,100,2,1,2,20,12,4.33,5.33,3,2.33,0.33,16,10,5,1.67,3,2,3,1,6,2,3,0,7,94200000,1491.0374993391,169000000,1578.7092793402,0.58447853334076,87.671780001113,1,0,1,1,0,1,0,0,D,2
6438,2026-09-12T13:30:00+00:00,21,18,335,337,core_v1,2,50,6,3,97,4.8989898989899,3,2,0,1980,,0,0,,,0,0,0,,,,0,22,0,,,,0,21,0,,,,0,21,50,2,1,0,0,,,0,20,50,2,1,0,0,1456.581339115,81.56958124288,1538.1509203578,1.63,13.84,4.68,3.95,2.32,18.16,6.74,0.3158,0.1579,0.69,0.5263,19,19,19,-1.9038044387701,0.0962,2,-2,2,1.02504645331,0.525,2,0.5,-5.2848190914372,0.2152,2,-5.5,-1.9038044387701,0.0962,2,-2,2,1.02504645331,0.525,2,0.5,-5.2848190914372,0.2152,2,-5.5,-2.5837935186134,0.4162,1,-3,1,-7.7282970845785,2.2717,1,-10,-6.0689831456941,0.931,1,-7,1.5676841957977,-0.4323,2,2,2,3.6403705451263,-2.3596,2,6,1.0329480243695,-0.9671,2,2,1.5676841957977,-0.4323,2,2,2,3.6403705451263,-2.3596,2,6,1.0329480243695,-0.9671,2,2,2.3542137055155,-0.6458,1,3,1,6.4752240209418,-3.5248,1,10,0.55543353759942,-1.4446,1,2,1538.9885044702,1578.0882958316,2,1538.9885044702,1578.0882958316,100,2,1538.9885044702,1578.0882958316,2,1538.9885044702,1578.0882958316,100,2,1580.874750564,1737.7564133399,1,1580.874750564,1737.7564133399,100,1,1469.811624178,1460.5067025556,2,1469.811624178,1460.5067025556,100,2,1469.811624178,1460.5067025556,2,1469.811624178,1460.5067025556,100,2,1441.8704605285,1529.9259572322,1,1441.8704605285,1529.9259572322,100,1,3.5,1.5,19.5,20,10.5,5,2,0.5,2.5,11.5,17.5,3,5,2,2,2,1,7,2,2,1,7,138550000,1548.9091627981,211400000,1612.2872831172,0.42252080212715,63.378120319072,0,0,0,0,5,5,1,1,H,5
6439,2026-09-12T13:30:00+00:00,21,18,338,342,core_v1,2,40,5,4,138,6.9521410579345,2,1,0,1985,50,6,3,187,9.4444444444444,3,2,0,1980,,,0,22,0,,,,0,23,0,,3,8,1,14,100,2,2,0,0,,,0,22,50,2,1,0,0,1497.7963492466,18.758199165956,1516.5545484126,1.63,13.84,4.68,3.95,2.32,18.16,6.74,0.3158,0.1579,0.69,0.5263,19,19,19,-1.8453316543506,-0.3453,2,-1.5,2,-2.8848599458666,-1.8849,2,-1,-3.7724761744571,-0.7725,2,-3,-1.8453316543506,-0.3453,2,-1.5,2,-2.8848599458666,-1.8849,2,-1,-3.7724761744571,-0.7725,2,-3,-0.50329862820465,-0.5033,1,0,1,-9.7470618843107,-2.7471,1,-7,-8.1258342350808,-1.1258,1,-7,2.1855666112855,-0.3144,2,2.5,2,8.2837863469377,-1.7162,2,10,4.7966404956635,-0.7034,2,5.5,2.1855666112855,-0.3144,2,2.5,2,8.2837863469377,-1.7162,2,10,4.7966404956635,-0.7034,2,5.5,-0.23446706423855,-0.2345,1,0,1,9.7202517567085,-1.2797,1,11,3.4755180460947,-0.5245,1,4,1481.1969841063,1551.5761857169,2,1481.1969841063,1551.5761857169,100,2,1481.1969841063,1551.5761857169,2,1481.1969841063,1551.5761857169,100,2,1460.520678628,1521.9782478994,1,1460.520678628,1521.9782478994,100,1,1485.2412597131,1477.3407007454,2,1485.2412597131,1477.3407007454,100,2,1485.2412597131,1477.3407007454,2,1485.2412597131,1477.3407007454,100,2,1495.7080561105,1391.0874478791,1,1495.7080561105,1391.0874478791,100,1,3.5,2,18,17,8.5,5.5,2,0,2.5,9,19,0.5,6,2,2,2,1,5,2,2,1,6,288250000,1658.7986959742,164700000,1574.8433176793,-0.55970252196557,-83.955378294836,3,1,1,0,-2,1,0,1,A,4
6440,2026-09-12T13:30:00+00:00,21,18,339,349,core_v1,2,0,5,0,,0,0,0,0,1980,57.142857142857,7,6,241,12.221095334686,4,4,0,1972,,,0,22,0,,,,0,22,0,,,,0,20,50,2,1,0,0,,,0,21,50,2,1,0,0,1486.8778375026,160.29027077118,1647.1681082738,1.63,13.84,4.68,3.95,2.32,18.16,6.74,0.3158,0.1579,0.69,0.5263,19,19,19,-0.56782019762789,-0.0678,2,-0.5,2,-6.8701704504035,-0.3702,2,-6.5,-3.1517077457409,-0.1517,2,-3,-0.56782019762789,-0.0678,2,-0.5,2,-6.8701704504035,-0.3702,2,-6.5,-3.1517077457409,-0.1517,2,-3,-0.14235219338497,-0.1424,1,0,1,-11.776974668083,-0.777,1,-11,-4.3184291865117,-0.3184,1,-4,1.3178335772632,-0.1822,2,1.5,2,1.5057146821826,-0.9943,2,2.5,0.092509926103152,-0.4075,2,0.5,1.3178335772632,-0.1822,2,1.5,2,1.5057146821826,-0.9943,2,2.5,0.092509926103152,-0.4075,2,0.5,1.6399714502332,-0.36,1,2,1,10.034922706116,-1.9651,1,12,2.1946481785975,-0.8054,1,3,1517.5204732061,1593.5653003983,2,1517.5204732061,1593.5653003983,100,2,1517.5204732061,1593.5653003983,2,1517.5204732061,1593.5653003983,100,2,1507.7649763793,1574.8433176793,1,1507.7649763793,1574.8433176793,100,1,1502.5536898149,1609.2724666736,2,1502.5536898149,1609.2724666736,100,2,1502.5536898149,1609.2724666736,2,1502.5536898149,1609.2724666736,100,2,1479.2733066958,1563.5939536116,1,1479.2733066958,1563.5939536116,100,1,0.5,0,18.5,12,4.5,1.5,2,1,2.5,13,15.5,4.5,5,2,2,2,1,7,2,2,1,7,48380000,1391.0874478791,564450000,1759.6022429579,2.4567653005257,368.51479507885,0,0,0,0,3,3,1,1,H,3
6441,2026-09-12T13:30:00+00:00,21,18,340,344,core_v1,2,14.285714285714,7,1,62,3.1218529707956,1,1,0,1986,0,2,0,,0,0,0,0,1992,,,0,23,0,,,,0,21,0,,,,0,21,50,2,1,0,0,,,0,20,50,2,1,0,0,1578.7733635635,-61.429956778311,1517.3434067852,1.63,13.84,4.68,3.95,2.32,18.16,6.74,0.3158,0.1579,0.69,0.5263,19,19,19,0.03470443014491,0.5347,2,-0.5,2,-0.081521631277127,2.9185,2,-3,0.19608621874038,1.1961,2,-1,0.03470443014491,0.5347,2,-0.5,2,-0.081521631277127,2.9185,2,-3,0.19608621874038,1.1961,2,-1,-2.3429447412396,1.6571,1,-4,1,-0.95560153268196,9.0444,1,-10,-1.2933148727466,3.7067,1,-5,-0.90733646195199,0.0927,2,-1,2,2.5057682639531,0.5058,2,2,0.20728008707336,0.2073,2,0,-0.90733646195199,0.0927,2,-1,2,2.5057682639531,0.5058,2,2,0.20728008707336,0.2073,2,0,-0.14218095508708,0.8578,1,-1,1,11.682075153517,4.6821,1,7,3.918864853084,1.9189,1,2,1596.3849532811,1709.034933576,2,1596.3849532811,1709.034933576,100,2,1596.3849532811,1709.034933576,2,1596.3849532811,1709.034933576,100,2,1743.2895120004,1851.2708709221,1,1743.2895120004,1851.2708709221,100,1,1538.526197771,1663.200619594,2,1538.526197771,1663.200619594,100,2,1538.526197771,1663.200619594,2,1538.526197771,1663.200619594,100,2,1638.6774421251,1759.6022429579,1,1638.6774421251,1759.6022429579,100,1,3,2.5,19.5,16.5,7,6,2,3,2,14.5,16.5,5,5,2,1,2,0,7,2,2,1,7,379700000,1700.1316921874,280950000,1654.9509797355,-0.30120474967955,-45.180712451932,1,0,1,0,1,2,1,1,H,3
6442,2026-09-12T13:30:00+00:00,21,18,343,341,core_v1,2,0,4,0,,0,0,0,0,1987,20,5,1,90,4.5180722891566,1,1,0,1992,,,0,22,0,,,,0,23,0,,,,0,20,50,2,1,0,0,1,10,1,12,100,2,2,0,0,1589.6321452672,-75.830386289434,1513.8017589778,1.63,13.84,4.68,3.95,2.32,18.16,6.74,0.3158,0.1579,0.69,0.5263,19,19,19,1.0915334747317,-0.4085,2,1.5,2,10.770542656586,-2.2295,2,13,3.0862967386342,-0.9137,2,4,1.0915334747317,-0.4085,2,1.5,2,10.770542656586,-2.2295,2,13,3.0862967386342,-0.9137,2,4,-1.3111909513373,-0.3112,1,-1,1,8.3014839436171,-1.6985,1,10,-2.6961064605176,-0.6961,1,-2,2.835472194282,-0.1645,2,3,2,3.1019882855445,-0.898,2,4,3.131965942445,-0.368,2,3.5,2.835472194282,-0.1645,2,3,2,3.1019882855445,-0.898,2,4,3.131965942445,-0.368,2,3.5,2.7983233870775,-0.2017,1,3,1,11.899225816902,-1.1008,1,13,7.5488673671669,-0.4511,1,8,1472.9332575464,1470.1992131114,2,1472.9332575464,1470.1992131114,100,2,1472.9332575464,1470.1992131114,2,1472.9332575464,1470.1992131114,100,2,1485.6656625111,1418.4201783234,1,1485.6656625111,1418.4201783234,100,1,1504.86240932,1553.638594679,2,1504.86240932,1553.638594679,100,2,1504.86240932,1553.638594679,2,1504.86240932,1553.638594679,100,2,1500,1448.4784933839,1,1500,1448.4784933839,100,1,1.5,3,8,21,3,7,2,0.5,3.5,16.5,20.5,6.5,10,2,2,2,1,7,2,2,1,5,480950000,1735.5889692916,171800000,1581.1741235343,-1.0294323050485,-154.41484575727,2,0,1,1,0,2,0,1,D,4
5689,2026-09-12T14:00:00+00:00,19,16,296,306,core_v1,3,60,5,10,264,8.8739495798319,3,8,1,2975,25,4,2,,0,1,1,0,2982,,,0,30,0,,,,0,33,0,,3,8,3,26,80,5,4,5,4,3.3333333333333,7.6666666666667,3,27,80,5,4,5,3,1533.4452908218,28.34192631339,1561.7872171352,1.23,12.37,3.93,2.83,1.6,15.07,4.57,0.2667,0.3333,0.37,0.4,30,30,30,0.72320532851,-0.2768,3,1,3,6.8225561342322,-1.5108,3,8.3333333333333,0.71416828938515,-0.6192,3,1.3333333333333,0.72320532851,-0.2768,3,1,3,6.8225561342322,-1.5108,3,8.3333333333333,0.71416828938515,-0.6192,3,1.3333333333333,-0.019016693288501,-0.019,1,0,1,9.8962046976269,-0.1038,1,10,2.9574613496989,-0.0425,1,3,-0.10903191727343,0.2243,3,-0.33333333333333,3,2.8909296312868,1.2243,3,1.6666666666667,0.16840897039228,0.5017,3,-0.33333333333333,-0.10903191727343,0.2243,3,-0.33333333333333,3,2.8909296312868,1.2243,3,1.6666666666667,0.16840897039228,0.5017,3,-0.33333333333333,-0.17941193758417,-0.1794,1,0,1,3.0207489794162,-0.9793,1,4,-2.401328535774,-0.4013,1,-2,1492.3067987632,1747.6475874338,3,1517.4355306859,1715.8436949304,100,3,1492.3067987632,1747.6475874338,3,1517.4355306859,1715.8436949304,100,3,1526.0473718262,1710.7490157829,1,1526.0473718262,1710.7490157829,100,1,1557.895291898,1791.6784419224,3,1518.3962803221,1770.2812204454,100,3,1557.895291898,1791.6784419224,3,1518.3962803221,1770.2812204454,100,3,1505.0532299027,1705.7151747319,1,1505.0532299027,1705.7151747319,100,1,0.67,1.67,11.67,20,3.67,5,3,1.67,1.33,11.33,13,5,4.67,3,2,3,1,7,2,3,0,7,584800000,1764.9149583671,574550000,1762.2625409573,-0.017682782731926,-2.6524174097888,2,0,1,1,0,2,0,1,D,4
5690,2026-09-12T14:00:00+00:00,19,16,298,297,core_v1,3,100,1,2,,0,1,1,0,2975,66.666666666667,6,10,251,8.4511784511785,4,8,1,2970,,,0,34,0,,,,0,35,0,,4.3333333333333,6.6666666666667,3,28,80,5,4,6,2,4,7,3,29,80,5,4,5,3,1476.9699564191,99.946504270396,1576.9164606895,1.23,12.37,3.93,2.83,1.6,15.07,4.57,0.2667,0.3333,0.37,0.4,30,30,30,-1.2079709702644,-0.208,3,-1,3,2.1982038228589,-1.1351,3,3.3333333333333,-1.4652125499762,-0.4652,3,-1,-1.2079709702644,-0.208,3,-1,3,2.1982038228589,-1.1351,3,3.3333333333333,-1.4652125499762,-0.4652,3,-1,-1.1455084636019,-0.1455,1,-1,1,-1.7942019544763,-0.7942,1,-1,-4.3254894820623,-0.3255,1,-4,0.14495080522545,-0.5217,3,0.66666666666667,3,0.81908140199406,-2.8476,3,3.6666666666667,0.83296805339917,-1.167,3,2,0.14495080522545,-0.5217,3,0.66666666666667,3,0.81908140199406,-2.8476,3,3.6666666666667,0.83296805339917,-1.167,3,2,-0.23953593048487,-0.2395,1,0,1,-0.30741469911244,-1.3074,1,1,0.46417944345728,-0.5358,1,1,1501.31513662,1778.7490877708,3,1509.4908573873,1763.4716482625,100,3,1501.31513662,1778.7490877708,3,1509.4908573873,1763.4716482625,100,3,1509.4908573873,1715.8436949304,1,1509.4908573873,1715.8436949304,100,1,1460.2490513874,1732.3541126414,3,1497.1835973241,1747.44295531,100,3,1460.2490513874,1732.3541126414,3,1497.1835973241,1747.44295531,100,3,1497.1835973241,1747.44295531,1,1497.1835973241,1747.44295531,100,1,2.33,1.33,13.33,16.67,5,4,3,1.33,2,13,16.67,4,6,3,2,3,1,7,1,3,0,7,396800000,1706.7393284134,1030000000,1849.8215842853,0.95388170581296,143.08225587194,0,0,0,1,0,0,0,0,D,0
5691,2026-09-12T14:00:00+00:00,19,16,302,309,core_v1,3,16.666666666667,6,1,45,1.5085484411666,1,1,0,2983,25,4,3,14,0.46979865771812,1,2,0,2980,,,0,26,0,,,,0,35,0,,1,10,1,22,66.666666666667,3,2,0,0,3.25,7.75,4,21,100,5,5,4,1,1521.5137506637,14.515346651402,1536.0290973151,1.23,12.37,3.93,2.83,1.6,15.07,4.57,0.2667,0.3333,0.37,0.4,30,30,30,1.153726449046,0.1537,3,1,3,-5.8276100010622,0.8391,3,-6.6666666666667,0.67720571739043,0.3439,3,0.33333333333333,1.153726449046,0.1537,3,1,3,-5.8276100010622,0.8391,3,-6.6666666666667,0.67720571739043,0.3439,3,0.33333333333333,0.75101029324722,-0.249,1,1,1,-6.3590144988993,-1.359,1,-5,-1.5569678126185,-0.557,1,-1,0.72947262460516,0.3961,3,0.33333333333333,3,3.1621738803711,2.1622,3,1,-0.44720499722921,0.8861,3,-1.3333333333333,0.72947262460516,0.3961,3,0.33333333333333,3,3.1621738803711,2.1622,3,1,-0.44720499722921,0.8861,3,-1.3333333333333,1.105437012787,0.1054,1,1,1,2.5754873603689,0.5755,1,2,0.23585321315839,0.2359,1,0,1548.6577307705,1752.8130199516,3,1558.8236936444,1761.726382416,100,3,1548.6577307705,1752.8130199516,3,1558.8236936444,1761.726382416,100,3,1495.9461920534,1663.1327011963,1,1495.9461920534,1663.1327011963,100,1,1580.3871603813,1788.18010396,3,1542.3371239304,1769.6363781824,100,3,1580.3871603813,1788.18010396,3,1542.3371239304,1769.6363781824,100,3,1542.3371239304,1769.6363781824,1,1542.3371239304,1769.6363781824,100,1,0,1,15,8.33,3,3.33,3,2.33,2.67,15,16,7,5.67,3,2,3,1,6,2,3,1,5,251900000,1638.5792996056,1080000000,1856.9319201195,1.4556841367597,218.35262051396,2,0,1,1,0,2,0,1,D,4
5692,2026-09-12T14:00:00+00:00,19,16,305,307,core_v1,3,66.666666666667,3,2,,0,2,0,0,2978,100,4,11,303,10.20202020202,4,9,1,2970,,,0,41,0,,,,0,37,0,,3.6666666666667,7.3333333333333,3,28,80,5,4,4,3,4,7,1,32,60,5,3,6,2,1368.4410206347,117.4607573675,1485.9017780022,1.23,12.37,3.93,2.83,1.6,15.07,4.57,0.2667,0.3333,0.37,0.4,30,30,30,-1.1103989104993,0.2229,3,-1.3333333333333,3,-5.7831982418616,1.2168,3,-7,-2.5013155384512,0.4987,3,-3,-1.1103989104993,0.2229,3,-1.3333333333333,3,-5.7831982418616,1.2168,3,-7,-2.5013155384512,0.4987,3,-3,-2.6044684724198,0.3955,1,-3,1,-21.841143363862,2.1589,1,-24,-5.1152311771798,0.8848,1,-6,-1.1883831292706,0.145,3,-1.3333333333333,3,-8.8755117570571,0.7912,3,-9.6666666666667,-3.009092628172,0.3242,3,-3.3333333333333,-1.1883831292706,0.145,3,-1.3333333333333,3,-8.8755117570571,0.7912,3,-9.6666666666667,-3.009092628172,0.3242,3,-3.3333333333333,-2.0229285799589,0.9771,1,-3,1,-3.6670316471579,5.333,1,-9,-5.81437819784,2.1856,1,-8,1557.7163660831,1799.748418486,3,1570.6405736396,1833.5799762424,100,3,1557.7163660831,1799.748418486,3,1570.6405736396,1833.5799762424,100,3,1580.3076101598,1833.5799762424,1,1580.3076101598,1833.5799762424,100,1,1547.5090076052,1770.4978112451,3,1496.996618196,1706.7393284134,100,3,1547.5090076052,1770.4978112451,3,1496.996618196,1706.7393284134,100,3,1656.4253971312,1899.0389305899,1,1656.4253971312,1899.0389305899,100,1,2.67,1.33,18,11,7.33,4.33,3,2.67,1.33,19.67,10,6.67,3.33,3,2,3,0,7,1,3,1,7,330550000,1679.3381621687,579200000,1763.4716482625,0.56088990729192,84.133486093788,3,1,1,0,-1,2,0,1,A,5
5693,2026-09-12T14:00:00+00:00,19,16,311,310,core_v1,3,0,1,0,,0,0,0,0,2976,40,5,3,40,1.3675213675214,2,3,0,2925,,,0,32,0,,,,0,38,0,,1.6666666666667,9.3333333333333,3,23,80,5,4,6,6,2.6666666666667,8.3333333333333,3,27,80,5,4,5,5,1497.048711699,62.446366782714,1559.4950784817,1.23,12.37,3.93,2.83,1.6,15.07,4.57,0.2667,0.3333,0.37,0.4,30,30,30,-0.53318600365493,-0.1999,3,-0.33333333333333,3,-0.75748556096124,-1.0908,3,0.33333333333333,-0.4470526355754,-0.4471,3,0,-0.53318600365493,-0.1999,3,-0.33333333333333,3,-0.75748556096124,-1.0908,3,0.33333333333333,-0.4470526355754,-0.4471,3,0,0.35037145397706,0.3504,1,0,1,0.91236775272818,1.9124,1,-1,-0.21625024234713,0.7837,1,-1,-1.2812433110071,0.3854,3,-1.6666666666667,3,-2.2296482638303,2.1037,3,-4.3333333333333,-2.8045089247528,0.8622,3,-3.6666666666667,-1.2812433110071,0.3854,3,-1.6666666666667,3,-2.2296482638303,2.1037,3,-4.3333333333333,-2.8045089247528,0.8622,3,-3.6666666666667,0.17224239466199,1.1722,1,-1,1,6.3982340127494,6.3982,1,0,0.62220190114836,2.6222,1,-2,1502.3777413245,1792.3068838855,3,1514.4989756346,1816.3500515882,100,3,1502.3777413245,1792.3068838855,3,1514.4989756346,1816.3500515882,100,3,1574.3966057615,1849.8215842853,1,1574.3966057615,1849.8215842853,100,1,1578.9845510079,1765.4600943574,3,1532.7971813051,1769.6363781824,100,3,1578.9845510079,1765.4600943574,3,1532.7971813051,1769.6363781824,100,3,1681.9713362177,1888.1646052842,1,1681.9713362177,1888.1646052842,100,1,1,0.67,11.67,12,2.33,2.33,3,1.67,0,13,8.67,4,0.33,3,1,3,1,7,2,3,1,6,520500000,1747.44295531,572500000,1761.726382416,0.095222847373371,14.283427106006,2,1,1,0,-1,1,0,1,A,3
6090,2026-09-12T14:15:00+00:00,20,17,330,323,core_v1,4,33.333333333333,3,1,,0,1,1,0,4001,75,4,13,578,14.570204184522,3,9,0,3967,,,0,38,0,,,,0,35,0,,2.5,8.5,4,20,100,5,5,10,3,4.5,6.5,4,21,100,5,5,7,2,1450.6478932764,24.54013750699,1475.1880307834,1.23,11.49,4.12,2.95,1.72,13.6,5.05,0.2326,0.2558,0.49,0.5116,43,43,43,0.24567143544494,-0.0043,4,0.25,4,-0.27362580391964,-0.0236,4,-0.25,-1.5096826136448,-0.0097,4,-1.5,0.24567143544494,-0.0043,4,0.25,4,-0.27362580391964,-0.0236,4,-0.25,-1.5096826136448,-0.0097,4,-1.5,-1.4474245712817,-0.4474,1,-1,1,-8.4420948458699,-2.4421,1,-6,-8.0008489428277,-1.0008,1,-7,-0.46800382393508,-0.218,4,-0.25,4,-0.18988998142576,-1.1899,4,1,1.5123448493389,-0.4877,4,2,-0.46800382393508,-0.218,4,-0.25,4,-0.18988998142576,-1.1899,4,1,1.5123448493389,-0.4877,4,2,0.16567177836366,-0.3343,2,0.5,2,-1.8248019427009,-1.8248,2,0,2.7521375251617,-0.7479,2,3.5,1524.0168951702,1653.3547097797,4,1475.09349481,1616.1637164345,100,4,1524.0168951702,1653.3547097797,4,1475.09349481,1616.1637164345,100,4,1466.020035651,1653.5294223816,1,1466.020035651,1653.5294223816,100,1,1496.0489292827,1497.0981741468,4,1490.2514091705,1483.4596351353,100,4,1496.0489292827,1497.0981741468,4,1490.2514091705,1483.4596351353,100,4,1480.8232227773,1483.4596351353,2,1480.8232227773,1483.4596351353,100,2,1.25,1.5,12,11.75,5.25,3.75,4,1.5,1.25,9.5,10.5,2.75,4.75,4,2,4,1,5,2,4,1,5,127800000,1536.7944533933,77900000,1462.5383650333,-0.49504058906673,-74.25608836001,2,1,0,0,-2,0,0,0,A,2
6755,2026-09-12T15:15:00+00:00,22,19,360,358,core_v1,3,80,5,8,249,8.366935483871,4,6,0,2976,0,2,0,,0,0,0,0,2969,,,0,36,0,,,,0,42,0,,5,6,3,30,80,5,4,2,1,4,7,4,25,100,5,5,1,0,1590.796368738,-20.107956491883,1570.6884122461,1.54,12.89,4.64,3.04,1.5,16.39,5.32,0.4286,0.2857,-0.04,0.2857,28,28,28,1.6409597382437,0.3076,3,1.3333333333333,3,-5.3209396485911,1.6791,3,-7,0.021466220757276,0.6881,3,-0.66666666666667,1.6409597382437,0.3076,3,1.3333333333333,3,-5.3209396485911,1.6791,3,-7,0.021466220757276,0.6881,3,-0.66666666666667,1.2724601566045,0.2725,2,1,2,-8.0128810824074,1.4871,2,-9.5,-1.8905308800562,0.6095,2,-2.5,0.58758212914756,0.2542,3,0.33333333333333,3,-4.6122807872443,1.3877,3,-6,0.56873192676246,0.5687,3,0,0.58758212914756,0.2542,3,0.33333333333333,3,-4.6122807872443,1.3877,3,-6,0.56873192676246,0.5687,3,0,1.5867603099385,0.5868,1,1,1,2.2026053566015,3.2026,1,-1,1.3125305885928,1.3125,1,0,1569.6763124034,1635.236408463,3,1578.8821365672,1589.7017978167,100,3,1569.6763124034,1635.236408463,3,1578.8821365672,1589.7017978167,100,3,1565.0734003214,1658.0037137861,2,1565.0734003214,1658.0037137861,100,2,1562.6897143541,1519.8858698512,3,1570.9387061885,1589.7017978167,100,3,1562.6897143541,1519.8858698512,3,1570.9387061885,1589.7017978167,100,3,1606.2121638468,1606.3530794574,1,1606.2121638468,1606.3530794574,100,1,0.33,1.67,17,10,5.33,4.67,3,2.33,2.67,19.33,13.33,7,7,3,2,3,0,7,2,3,1,6,314650000,1671.9436085977,287450000,1658.3818119122,-0.090411977903643,-13.561796685546,1,0,1,1,0,1,0,0,D,2
5319,2026-09-12T16:00:00+00:00,18,15,274,276,core_v1,3,,0,0,,,0,0,0,,100,7,16,200,6.7340067340067,7,9,1,2970,,,0,45,0,,,,0,40,0,,4.5,6.5,4,28,100,5,5,3,2,4,7,4,26,100,5,5,2,1,1596.6369863844,-24.477683629555,1572.1593027549,1.5,14.25,4.84,2.81,1.31,15.31,4.66,0.4688,0.1563,-0.19,0.375,32,32,32,0.82911079605006,-0.1709,3,1,3,1.4006003746014,-0.9327,3,2.3333333333333,0.28440272746452,-0.3823,3,0.66666666666667,0.82911079605006,-0.1709,3,1,3,1.4006003746014,-0.9327,3,2.3333333333333,0.28440272746452,-0.3823,3,0.66666666666667,0.68808791850889,0.1881,2,0.5,2,1.0266055237985,1.0266,2,0,-0.079264067105108,0.4207,2,-0.5,0.78362585714083,-0.2164,3,1,3,2.8190050055985,-1.181,3,4,-0.81734303247774,-0.484,3,-0.33333333333333,0.78362585714083,-0.2164,3,1,3,2.8190050055985,-1.181,3,4,-0.81734303247774,-0.484,3,-0.33333333333333,0.48344444266675,-0.5166,1,1,1,4.1805802695292,-2.8194,1,7,-0.15548880560541,-1.1555,1,1,1500.5738709337,1627.2338126992,3,1468.6589404127,1585.7316538201,100,3,1500.5738709337,1627.2338126992,3,1468.6589404127,1585.7316538201,100,3,1547.560405287,1679.6222985567,2,1547.560405287,1679.6222985567,100,2,1494.6203448985,1585.6198696707,3,1490.679922805,1578.7092793402,100,3,1494.6203448985,1585.6198696707,3,1490.679922805,1578.7092793402,100,3,1455.3295838417,1578.7092793402,1,1455.3295838417,1578.7092793402,100,1,0.67,1.67,10.33,12.67,2.67,3.33,3,0.33,1.33,10.67,14.67,4,3.67,3,1,3,1,5,2,3,1,4,474350000,1733.5162889776,255850000,1640.9131723895,-0.61735411058778,-92.603116588168,2,0,1,1,0,2,0,1,D,4
5694,2026-09-12T16:30:00+00:00,19,16,301,300,core_v1,3,50,2,5,150,5.0369375419745,1,5,1,2978,83.333333333333,6,7,106,3.563025210084,5,3,0,2975,,,0,36,0,,,,0,37,0,,2.5,8.5,2,26,80,5,4,5,3,7,4,3,31,80,5,4,3,2,1508.8123580279,-86.683797703473,1422.1285603244,1.31,12.49,4.06,2.89,1.57,14.74,4.74,0.2857,0.3714,0.26,0.3429,35,35,35,0.79791233285331,0.1312,3,0.66666666666667,3,2.3830206300152,0.7164,3,1.6666666666667,2.2935848737081,0.2936,3,2,0.79791233285331,0.1312,3,0.66666666666667,3,2.3830206300152,0.7164,3,1.6666666666667,2.2935848737081,0.2936,3,2,0.27557706093869,0.2756,1,0,1,-2.4958686595362,1.5041,1,-4,2.6164413575186,0.6164,1,2,-1.7871133435853,-0.1204,3,-1.6666666666667,3,-4.6574118360609,-0.6574,3,-4,-0.93609516254872,-0.2694,3,-0.66666666666667,-1.7871133435853,-0.1204,3,-1.6666666666667,3,-4.6574118360609,-0.6574,3,-4,-0.93609516254872,-0.2694,3,-0.66666666666667,-2.1491737455997,-0.1492,1,-2,1,5.1857925142003,-0.8142,1,6,3.6663116083377,-0.3337,1,4,1545.7152199251,1786.4380551541,3,1564.6067637408,1763.4716482625,100,3,1545.7152199251,1786.4380551541,3,1564.6067637408,1763.4716482625,100,3,1564.6067637408,1762.2625409573,1,1564.6067637408,1762.2625409573,100,1,1512.7711959584,1760.8797113742,3,1509.0111084347,1764.9149583671,100,3,1512.7711959584,1760.8797113742,3,1509.0111084347,1764.9149583671,100,3,1509.0111084347,1770.2812204454,1,1509.0111084347,1770.2812204454,100,1,1,1.67,14,15.67,4,6,3,1.67,0,16.33,12.33,4,3.33,3,1,3,1,6,2,3,0,7,394100000,1705.7151747319,824000000,1816.3500515882,0.73756584570851,110.63487685628,0,0,0,1,0,0,0,0,D,0
6082,2026-09-12T16:30:00+00:00,20,17,316,332,core_v1,4,0,1,0,,0,0,0,0,3966,100,4,10,383,9.8508230452675,4,5,0,3888,,,0,28,0,,,,0,34,0,,1.5,9.5,2,24,75,4,3,8,0,6.3333333333333,4.6666666666667,3,27,80,5,4,6,1,1455.7904585696,46.165508171768,1501.9559667414,1.25,11.36,4.09,2.93,1.68,13.55,5.02,0.25,0.25,0.43,0.5,44,44,44,-1.5821214176303,0.1679,4,-1.75,4,3.6663006393739,0.9163,4,2.75,1.1255294466882,0.3755,4,0.75,-1.5821214176303,0.1679,4,-1.75,4,3.6663006393739,0.9163,4,2.75,1.1255294466882,0.3755,4,0.75,-0.71731531933737,-0.2173,2,-0.5,2,2.8138679559728,-1.1861,2,4,1.5138849728435,-0.4861,2,2,0.6436640581248,0.3937,4,0.25,4,1.8986637727493,2.1487,4,-0.25,0.38059145986294,0.8806,4,-0.5,0.6436640581248,0.3937,4,0.25,4,1.8986637727493,2.1487,4,-0.25,0.38059145986294,0.8806,4,-0.5,0.55444859673078,0.0544,2,0.5,2,3.7971867125227,0.2972,2,3.5,1.6217966646766,0.1218,2,1.5,1546.5570976472,1641.6090501462,4,1496.1390476856,1587.7667896271,100,4,1546.5570976472,1641.6090501462,4,1496.1390476856,1587.7667896271,100,4,1496.1390476856,1516.4261280548,2,1496.1390476856,1516.4261280548,100,2,1576.11017039,1707.1357361531,4,1559.1280786839,1684.8452060156,100,4,1576.11017039,1707.1357361531,4,1559.1280786839,1684.8452060156,100,4,1531.7102408882,1683.1351056211,2,1531.7102408882,1683.1351056211,100,2,3,1.25,11.25,14,5.5,6.25,4,1.25,1.5,13,12.75,5.25,4.75,4,1,4,1,4,2,4,0,7,74000000,1454.8342360824,230800000,1625.4572022969,1.1374864414298,170.62296621447,1,0,1,1,0,1,0,0,D,2
6443,2026-09-12T16:30:00+00:00,21,18,350,336,core_v1,2,25,4,1,61,3.0684104627767,1,1,0,1988,25,4,1,65,3.2828282828283,1,1,0,1980,,,0,26,0,,,,0,23,0,,,,0,22,50,2,1,0,0,,,0,21,50,2,1,0,0,1448.2288771999,-3.8945385645816,1444.3343386353,1.54,13.96,4.33,3.92,2.38,17.67,6.79,0.2917,0.1667,0.84,0.5417,24,24,24,-0.29115144825329,0.2088,2,-0.5,2,-7.3600805487123,1.1399,2,-8.5,0.46717562164285,0.4672,2,0,-0.29115144825329,0.2088,2,-0.5,2,-7.3600805487123,1.1399,2,-8.5,0.46717562164285,0.4672,2,0,-3.0406155977289,-0.0406,1,-3,1,-10.221684610641,-0.2217,1,-10,-2.0908534771188,-0.0909,1,-2,-0.77931135396779,0.2207,2,-1,2,0.7045440496784,1.2045,2,-0.5,-0.0063391412708895,0.4937,2,-0.5,-0.77931135396779,0.2207,2,-1,2,0.7045440496784,1.2045,2,-0.5,-0.0063391412708895,0.4937,2,-0.5,1.0805412746395,0.0805,1,1,1,3.4396035539879,0.4396,1,3,2.1801636627734,0.1802,1,2,1553.733660297,1675.0218482286,2,1553.733660297,1675.0218482286,100,2,1553.733660297,1675.0218482286,2,1553.733660297,1675.0218482286,100,2,1521.0812847112,1612.2872831172,1,1521.0812847112,1612.2872831172,100,1,1555.2834108579,1677.5413359615,2,1555.2834108579,1677.5413359615,100,2,1555.2834108579,1677.5413359615,2,1555.2834108579,1677.5413359615,100,2,1536.9395140788,1654.9509797355,1,1536.9395140788,1654.9509797355,100,1,2.5,2,19,10.5,5,5,2,3,2,18.5,18,6,5.5,2,2,2,0,7,1,2,0,7,122080000,1529.9259572322,156100000,1566.79899623,0.24582025998524,36.873038997786,1,0,1,1,0,1,0,0,D,2
5314,2026-09-12T18:45:00+00:00,18,15,283,277,core_v1,3,25,4,5,37,1.2387010378306,1,0,0,2987,66.666666666667,3,5,277,9.3046691299966,2,5,0,2977,,,0,49,0,,,,0,40,0,,3,8,4,23,100,5,5,1,0,4,7,3,29,80,5,4,6,2,1471.1053012902,110.08414616094,1581.1894474511,1.52,14.3,4.91,2.85,1.33,15.09,4.7,0.4545,0.1818,-0.19,0.3636,33,33,33,0.44973320737794,0.1164,3,0.33333333333333,3,-2.6980094134825,0.6353,3,-3.3333333333333,0.92704282470625,0.2604,3,0.66666666666667,0.44973320737794,0.1164,3,0.33333333333333,3,-2.6980094134825,0.6353,3,-3.3333333333333,0.92704282470625,0.2604,3,0.66666666666667,0.64995943006923,-0.35,1,1,1,-0.91056174949124,-1.9106,1,1,2.2169904005083,-0.783,1,3,0.54540480332678,0.2121,3,0.33333333333333,3,-15.842489489695,1.1575,3,-17,-2.8589483304291,0.4744,3,-3.3333333333333,0.54540480332678,0.2121,3,0.33333333333333,3,-15.842489489695,1.1575,3,-17,-2.8589483304291,0.4744,3,-3.3333333333333,0.88535872620219,-0.1146,2,1,2,-9.6257252771425,-0.6257,2,-9,-1.2564423258121,-0.2564,2,-1,1538.1771533937,1609.8115941973,3,1477.1247392608,1560.0477830933,100,3,1538.1771533937,1609.8115941973,3,1477.1247392608,1560.0477830933,100,3,1477.1247392608,1560.0477830933,1,1477.1247392608,1560.0477830933,100,1,1550.6996135965,1651.9805701476,3,1526.3515222424,1616.0361644509,100,3,1550.6996135965,1651.9805701476,3,1526.3515222424,1616.0361644509,100,3,1507.9361654562,1609.6093335418,2,1507.9361654562,1609.6093335418,100,2,0.33,0.67,18,14.67,4,4.67,3,1,1.33,25.67,8.67,7,3.67,3,2,3,1,5,2,3,1,7,120700000,1528.2206913173,436050000,1720.8880094527,1.2844487875695,192.66731813543,2,1,1,0,-1,1,0,1,A,3
6756,2026-09-12T18:45:00+00:00,22,19,362,361,core_v1,3,66.666666666667,3,6,251,8.436974789916,2,6,1,2975,100,1,1,,0,1,0,0,2973,,,0,42,0,,,,0,24,0,,3.3333333333333,7.6666666666667,3,29,80,5,4,4,3,0,11,1,21,66.666666666667,3,2,0,0,1482.2521255257,31.514796629295,1513.766922155,1.52,12.86,4.59,3,1.48,16.28,5.21,0.4138,0.3103,-0.04,0.2759,29,29,29,-0.84217993971798,0.1578,3,-1,3,0.52806673391277,0.8614,3,-0.33333333333333,-0.31363723862744,0.353,3,-0.66666666666667,-0.84217993971798,0.1578,3,-1,3,0.52806673391277,0.8614,3,-0.33333333333333,-0.31363723862744,0.353,3,-0.66666666666667,-0.39867495174221,-0.3987,1,0,1,-23.176013807284,-2.176,1,-21,-5.8918003828893,-0.8918,1,-5,-0.038775080242873,-0.0388,3,0,3,-3.2116388542052,-0.2116,3,-3,0.57993026334851,-0.0867,3,0.66666666666667,-0.038775080242873,-0.0388,3,0,3,-3.2116388542052,-0.2116,3,-3,0.57993026334851,-0.0867,3,0.66666666666667,-1.2334519905573,-0.2335,1,-1,1,2.7257921457804,-1.2742,1,4,3.4777886755728,-0.5222,1,4,1550.0681521117,1573.2932804683,3,1570.2847885685,1631.6948426329,100,3,1550.0681521117,1573.2932804683,3,1570.2847885685,1631.6948426329,100,3,1477.228490852,1445.6391572028,1,1477.228490852,1445.6391572028,100,1,1524.3358038754,1506.6658207959,3,1498.8545328919,1550.041650651,100,3,1524.3358038754,1506.6658207959,3,1498.8545328919,1550.041650651,100,3,1498.8545328919,1363.6027322793,1,1498.8545328919,1363.6027322793,100,1,1.67,0.67,16,15.67,5.33,4.67,3,0.67,0.67,14,11,3,3.67,3,2,3,0,9,2,3,0,7,110900000,1515.5188062552,90050000,1484.2792328451,-0.20826382273436,-31.239573410154,2,0,1,1,0,2,0,1,D,4
6757,2026-09-12T18:45:00+00:00,22,19,364,356,core_v1,3,80,5,11,124,4.1750841750842,4,10,1,2970,50,8,11,170,5.8119658119658,4,2,0,2925,,,0,41,0,,,,0,43,0,,5.5,5.5,2,33,60,5,3,3,2,4.3333333333333,6.6666666666667,3,31,80,5,4,2,2,1468.8313952593,-20.747628742595,1448.0837665167,1.52,12.86,4.59,3,1.48,16.28,5.21,0.4138,0.3103,-0.04,0.2759,29,29,29,-1.1665235797896,-0.1665,3,-1,3,0.75776178744855,-0.9089,3,1.6666666666667,-1.0391650931856,-0.3725,3,-0.66666666666667,-1.1665235797896,-0.1665,3,-1,3,0.75776178744855,-0.9089,3,1.6666666666667,-1.0391650931856,-0.3725,3,-0.66666666666667,-3.0629433367779,-0.0629,1,-3,1,0.6564480178484,-0.3436,1,1,-0.14079864208563,-0.1408,1,0,-2.2928151248864,0.0405,3,-2.3333333333333,3,-3.1121802846112,0.2212,3,-3.3333333333333,-2.5760310407035,0.0906,3,-2.6666666666667,-2.2928151248864,0.0405,3,-2.3333333333333,3,-3.1121802846112,0.2212,3,-3.3333333333333,-2.5760310407035,0.0906,3,-2.6666666666667,-2.7739562590315,-0.774,1,-2,1,0.77565759141193,-4.2243,1,5,-0.73127126529425,-1.7313,1,1,1507.6147960814,1457.7652022692,3,1510.8256547144,1484.2792328451,100,3,1507.6147960814,1457.7652022692,3,1510.8256547144,1484.2792328451,100,3,1521.1724195122,1582.391521521,1,1521.1724195122,1582.391521521,100,1,1534.7145065835,1560.6519518775,3,1574.8385787878,1606.3530794574,100,3,1534.7145065835,1560.6519518775,3,1574.8385787878,1606.3530794574,100,3,1428.1079008926,1433.0569346057,1,1428.1079008926,1433.0569346057,100,1,1.33,0.33,11,12.67,3,2.33,3,3.67,1.33,16,12.67,7.33,4.67,3,2,3,1,7,2,3,0,8,139600000,1550.041650651,91350000,1486.4292145254,-0.42408290750426,-63.612436125638,0,0,0,0,1,1,1,0,H,1
6758,2026-09-12T18:45:00+00:00,22,19,366,352,core_v1,3,50,2,0,,0,1,0,0,3002,75,8,19,927,31.616643929059,6,15,1,2932,,,0,35,0,,,,0,44,0,,4,7,3,28,80,5,4,6,2,5,6,3,34,80,5,4,1,0,1432.5822971964,4.9379124312477,1437.5202096276,1.52,12.86,4.59,3,1.48,16.28,5.21,0.4138,0.3103,-0.04,0.2759,29,29,29,-0.24593321855018,0.0874,3,-0.33333333333333,3,2.4770398935154,0.477,3,2,-2.8044937222979,0.1955,3,-3,-0.24593321855018,0.0874,3,-0.33333333333333,3,2.4770398935154,0.477,3,2,-2.8044937222979,0.1955,3,-3,1.5157939029984,-0.4842,1,2,1,-7.6428526498647,-2.6429,1,-5,-2.0831259421148,-1.0831,1,-1,-0.5984367218689,0.0682,3,-0.66666666666667,3,-0.96092643568058,0.3724,3,-1.3333333333333,-2.8473756863097,0.1526,3,-3,-0.5984367218689,0.0682,3,-0.66666666666667,3,-0.96092643568058,0.3724,3,-1.3333333333333,-2.8473756863097,0.1526,3,-3,-1.0907609558202,-0.0908,2,-1,2,-0.99538375100819,-0.4954,2,-0.5,-4.2030241799695,-0.203,2,-4,1540.8508817584,1581.7324353714,3,1561.50710291,1627.0732489559,100,3,1540.8508817584,1581.7324353714,3,1561.50710291,1627.0732489559,100,3,1466.0333147709,1486.4292145254,1,1466.0333147709,1486.4292145254,100,1,1538.3416972054,1586.7095357899,3,1559.2022121474,1642.5458415692,100,3,1538.3416972054,1586.7095357899,3,1559.2022121474,1642.5458415692,100,3,1517.5313698994,1558.7913829003,2,1517.5313698994,1558.7913829003,100,2,1.67,1.33,16,18,6.67,3.67,3,1.33,0.67,16.33,15,7,4,3,2,3,1,6,2,3,1,7,64000000,1433.0569346057,60450000,1424.4969586609,-0.05706650629887,-8.5599759448305,0,0,0,1,0,0,0,0,D,0
6759,2026-09-12T18:45:00+00:00,22,19,367,354,core_v1,3,,0,0,,,0,0,0,,25,4,2,173,5.8249158249158,1,2,0,2970,,,0,39,0,,,,0,22,0,,6.6666666666667,4.3333333333333,3,32,80,5,4,2,0,,,0,22,33.333333333333,3,1,0,0,1580.0419442528,-38.925216330405,1541.1167279224,1.52,12.86,4.59,3,1.48,16.28,5.21,0.4138,0.3103,-0.04,0.2759,29,29,29,0.8430084817558,-0.4903,3,1.3333333333333,3,0.6570838162151,-2.6762,3,3.3333333333333,0.90318694849999,-1.0968,3,2,0.8430084817558,-0.4903,3,1.3333333333333,3,0.6570838162151,-2.6762,3,3.3333333333333,0.90318694849999,-1.0968,3,2,1.7682576186101,-0.2317,1,2,1,-7.264876610466,-1.2649,1,-6,0.48161291911599,-0.5184,1,1,1.2291513117732,-0.1042,3,1.3333333333333,3,0.76469585963466,-0.5686,3,1.3333333333333,0.10028742384867,-0.233,3,0.33333333333333,1.2291513117732,-0.1042,3,1.3333333333333,3,0.76469585963466,-0.5686,3,1.3333333333333,0.10028742384867,-0.233,3,0.33333333333333,2.5998982137818,-0.4001,1,3,1,-3.1838016342014,-2.1838,1,-1,-0.89499208461634,-0.895,1,0,1465.2324306641,1475.4816598138,3,1453.2871319817,1486.4292145254,100,3,1465.2324306641,1475.4816598138,3,1453.2871319817,1486.4292145254,100,3,1499.0783037253,1515.5188062552,1,1499.0783037253,1515.5188062552,100,1,1515.774685902,1501.1153935824,3,1500,1550.041650651,100,3,1515.774685902,1501.1153935824,3,1500,1550.041650651,100,3,1477.0417324127,1550.041650651,1,1477.0417324127,1550.041650651,100,1,0.67,2,12.33,15.67,3,5,3,0.67,2,13,14.33,3.67,4,3,2,3,0,8,2,3,1,6,258650000,1642.5458415692,173200000,1582.391521521,-0.40102880032119,-60.154320048178,0,0,0,1,0,0,0,0,D,0
5695,2026-09-12T19:00:00+00:00,19,16,312,299,core_v1,3,100,3,3,169,5.6711409395973,3,3,0,2980,100,2,4,29,0.97478991596639,2,0,0,2975,,,0,34,0,,,,0,24,0,,3.5,7.5,4,22,100,5,5,6,3,1,10,1,20,66.666666666667,3,2,0,0,1695.0121555553,-175.36244606803,1519.6497094873,1.28,12.47,4.03,2.81,1.53,14.72,4.67,0.2778,0.3889,0.25,0.3333,36,36,36,1.7234171135159,0.0568,3,1.6666666666667,3,6.643083808937,0.3098,3,6.3333333333333,3.7936123651815,0.1269,3,3.6666666666667,1.7234171135159,0.0568,3,1.6666666666667,3,6.643083808937,0.3098,3,6.3333333333333,3.7936123651815,0.1269,3,3.6666666666667,1.2958624327593,0.2959,1,1,1,1.6148512363959,1.6149,1,0,2.6618179287771,0.6618,1,2,-0.47691092328444,-0.4769,3,0,3,-1.2697014181014,-2.603,3,1.3333333333333,1.5998593788485,-1.0668,3,2.6666666666667,-0.47691092328444,-0.4769,3,0,3,-1.2697014181014,-2.603,3,1.3333333333333,1.5998593788485,-1.0668,3,2.6666666666667,0.75944094717188,-0.2406,1,1,1,-0.31299901870845,-1.313,1,1,3.4618908098387,-0.5381,1,4,1535.9645367657,1760.597001244,3,1540.6316931767,1761.726382416,100,3,1535.9645367657,1760.597001244,3,1540.6316931767,1761.726382416,100,3,1567.2619171205,1761.726382416,1,1567.2619171205,1761.726382416,100,1,1466.1135720885,1716.9974829831,3,1497.049680787,1706.7393284134,100,3,1466.1135720885,1716.9974829831,3,1497.049680787,1706.7393284134,100,3,1497.049680787,1706.7393284134,1,1497.049680787,1706.7393284134,100,1,0.33,2,8,14.33,2,5.67,3,1,1,11,12.33,1.67,4.33,3,2,3,1,6,2,3,0,7,1330000000,1888.1646052842,421630000,1715.8436949304,-1.148806069025,-172.32091035374,2,1,0,0,-2,0,0,0,A,2
6087,2026-09-12T19:00:00+00:00,20,17,324,331,core_v1,4,87.5,8,28,1155,29.027393817542,7,21,2,3979,100,3,0,,0,3,0,0,3972,,,0,38,0,,,,0,37,0,,3.6666666666667,7.3333333333333,3,27,80,5,4,7,4,4.3333333333333,6.6666666666667,3,29,80,5,4,7,2,1517.8507372753,164.57874259336,1682.4294798687,1.24,11.18,4.02,2.91,1.67,13.67,4.98,0.2444,0.2667,0.43,0.4889,45,45,45,-0.63555545057718,0.1144,4,-0.75,4,-4.8753484671556,0.6247,4,-5.5,0.50600227089476,0.256,4,0.25,-0.63555545057718,0.1144,4,-0.75,4,-4.8753484671556,0.6247,4,-5.5,0.50600227089476,0.256,4,0.25,-1.5053825995807,0.4946,2,-2,2,-8.3003212568737,2.6997,2,-11,-1.3935848988003,1.1064,2,-2.5,1.5670137608074,-0.183,4,1.75,4,8.5012400295379,-0.9988,4,9.5,5.3406760696595,-0.4093,4,5.75,1.5670137608074,-0.183,4,1.75,4,8.5012400295379,-0.9988,4,9.5,5.3406760696595,-0.4093,4,5.75,3.1664751897307,-0.3335,2,3.5,2,5.6795831690797,-1.8204,2,7.5,6.7539346848818,-0.7461,2,7.5,1539.5631142772,1602.2389617145,4,1489.802269906,1544.8230548622,100,4,1539.5631142772,1602.2389617145,4,1489.802269906,1544.8230548622,100,4,1589.3239586485,1729.4262662905,2,1589.3239586485,1729.4262662905,100,2,1500.6323827831,1560.4445929425,4,1480.9283813332,1588.4864892068,100,4,1500.6323827831,1560.4445929425,4,1480.9283813332,1588.4864892068,100,4,1480.9283813332,1532.4026966783,2,1480.9283813332,1532.4026966783,100,2,2.5,1.75,15.75,10.25,5,5.25,4,0.75,2.5,10.5,20,3,8.75,4,2,4,0,7,2,4,0,8,86850000,1478.8518460049,1460000000,1902.1532293071,2.8220092220153,423.30138330229,1,0,1,0,3,4,1,1,H,5
6085,2026-09-13T12:00:00+00:00,20,17,321,319,core_v1,4,20,5,3,9,0.22652907123081,1,0,0,3973,100,1,3,167,3.396379906447,1,2,0,4917,,,0,26,0,,,,0,27,0,,2.3333333333333,8.6666666666667,3,15,100,4,4,6,0,6,5,2,24,80,5,4,7,1,1487.0439393744,17.204891554435,1504.2488309289,1.24,11.33,4.09,2.96,1.72,13.89,5.11,0.2391,0.2609,0.48,0.5,46,46,46,-1.1786413326426,0.3214,4,-1.5,4,-0.49598737842879,1.754,4,-2.25,-2.7811492637254,0.7189,4,-3.5,-1.1786413326426,0.3214,4,-1.5,4,-0.49598737842879,1.754,4,-2.25,-2.7811492637254,0.7189,4,-3.5,-2.1143175345191,0.8857,2,-3,2,-2.665843087624,4.8342,2,-7.5,-4.0188071550958,1.9812,2,-6,-0.93161773139023,-0.3316,5,-0.6,5,-6.2100077747346,-1.81,5,-4.4,-2.5417993494056,-0.7418,5,-1.8,-0.93161773139023,-0.3316,5,-0.6,5,-6.2100077747346,-1.81,5,-4.4,-2.5417993494056,-0.7418,5,-1.8,-1.9217711590883,-0.4218,2,-1.5,2,-11.302075567275,-2.3021,2,-9,-4.943464543039,-0.9435,2,-4,1566.6461140069,1672.6419409692,4,1544.1384913438,1654.7381788136,100,4,1566.6461140069,1672.6419409692,4,1544.1384913438,1654.7381788136,100,4,1640.510485489,1844.8127150309,2,1640.510485489,1844.8127150309,100,2,1481.1779989876,1557.7838549968,5,1477.7187480619,1559.4131919443,100,5,1481.1779989876,1557.7838549968,5,1477.7187480619,1559.4131919443,100,5,1469.3778121161,1543.9977836651,2,1469.3778121161,1543.9977836651,100,2,1.75,0.25,12.75,10.5,5.25,1.75,4,1,0.4,12.8,8.4,4.2,2.4,5,2,4,1,6,3,5,1,5,55350000,1411.275970975,173000000,1582.2182112765,1.1396149353431,170.94224030147,1,0,1,1,0,1,0,0,D,2
5316,2026-09-13T13:00:00+00:00,18,15,291,293,core_v1,3,40,5,2,,0,2,0,0,2984,100,1,2,128,4.2160737812912,1,2,0,3036,,,0,48,0,,,,0,47,0,,4.75,6.25,4,29,100,5,5,1,1,3.5,7.5,4,23,100,5,5,5,3,1338.2783568869,92.86421434624,1431.1425712331,1.53,14.03,4.91,2.85,1.32,15.29,4.68,0.4706,0.1765,-0.21,0.3529,34,34,34,-1.1511537025336,0.1822,3,-1.3333333333333,3,2.9943574089461,0.9944,3,2,0.407519619158,0.4075,3,0,-1.1511537025336,0.1822,3,-1.3333333333333,3,2.9943574089461,0.9944,3,2,0.407519619158,0.4075,3,0,-1.0741379556936,0.4259,2,-1.5,2,3.8244040899969,2.3244,2,1.5,0.95261548916182,0.9526,2,0,-1.1472300164144,-0.1472,3,-1,3,-9.1369317213545,-0.8036,3,-8.3333333333333,-4.6626737758101,-0.3293,3,-4.3333333333333,-1.1472300164144,-0.1472,3,-1,3,-9.1369317213545,-0.8036,3,-8.3333333333333,-4.6626737758101,-0.3293,3,-4.3333333333333,-3.1846709390579,0.8153,1,-4,1,-3.5498400731299,4.4502,1,-8,-3.1761814592276,1.8238,1,-5,1546.7870691994,1640.13491057,3,1482.9958614751,1562.1141652209,100,3,1546.7870691994,1640.13491057,3,1482.9958614751,1562.1141652209,100,3,1578.6826730615,1679.1452832445,2,1578.6826730615,1679.1452832445,100,2,1503.6706232289,1595.8001918869,3,1463.4972545133,1528.2206913173,100,3,1503.6706232289,1595.8001918869,3,1463.4972545133,1528.2206913173,100,3,1629.6600312599,1736.7230433592,1,1629.6600312599,1736.7230433592,100,1,2.67,1.33,10.67,12.67,4.33,4.33,3,1.67,0.67,18,9.67,8,3.67,3,1,3,1,7,2,3,1,5,103450000,1505.0877327305,82500000,1471.1442161029,-0.22629011085092,-33.943516627638,2,0,1,0,1,3,1,1,H,5
5696,2026-09-13T13:00:00+00:00,19,16,313,304,core_v1,3,87.5,8,13,234,7.8655462184874,7,8,1,2975,25,4,1,,0,1,0,0,2970,,,0,41,0,,,,0,23,0,,4,7,3,32,80,5,4,3,1,3,8,1,20,66.666666666667,3,2,0,0,1531.7927583849,-51.178023655984,1480.6147347289,1.3,12.43,4.05,2.78,1.49,14.65,4.62,0.2973,0.3784,0.19,0.3243,37,37,37,1.1217582473447,0.1218,3,1,3,8.3312372051844,0.6646,3,7.6666666666667,2.2723623621887,0.2724,3,2,1.1217582473447,0.1218,3,1,3,8.3312372051844,0.6646,3,7.6666666666667,2.2723623621887,0.2724,3,2,-0.97313413507963,0.0269,1,-1,1,-1.8533630147671,0.1466,1,-2,0.060096548624241,0.0601,1,0,-0.98820295954989,0.6785,3,-1.6666666666667,3,-0.96353360557116,3.7031,3,-4.6666666666667,-0.14900374066853,1.5177,3,-1.6666666666667,-0.98820295954989,0.6785,3,-1.6666666666667,3,-0.96353360557116,3.7031,3,-4.6666666666667,-0.14900374066853,1.5177,3,-1.6666666666667,-1.1347754931328,-0.1348,1,-1,1,4.2643798346024,-0.7356,1,5,0.69851921758646,-0.3015,1,1,1544.4734111761,1776.4691061061,3,1532.0529422724,1761.726382416,100,3,1544.4734111761,1776.4691061061,3,1532.0529422724,1761.726382416,100,3,1532.0529422724,1856.9319201195,1,1532.0529422724,1856.9319201195,100,1,1617.3406179526,1808.5942784932,3,1663.2086291327,1888.1646052842,100,3,1617.3406179526,1808.5942784932,3,1663.2086291327,1888.1646052842,100,3,1510.8956964539,1638.5792996056,1,1510.8956964539,1638.5792996056,100,1,1.67,2.67,11,18.67,3.67,5.67,3,1.67,0,13.67,9,4,2.33,3,2,3,0,7,1,3,0,7,603500000,1769.6363781824,296700000,1663.1327011963,-0.71002451324081,-106.50367698612,5,1,0,0,-5,0,0,1,A,5
6760,2026-09-13T13:00:00+00:00,22,19,353,365,core_v1,3,75,4,6,291,9.725935828877,3,4,0,2992,0,1,0,,0,0,0,0,2970,,,0,24,0,,,,0,41,0,,1.5,9.5,2,14,100,3,3,0,0,5.3333333333333,5.6666666666667,3,32,80,5,4,3,2,1500.6152037729,110.59255129311,1611.207755066,1.39,12.48,4.33,2.79,1.39,15.58,5.18,0.3636,0.3636,0,0.2727,33,33,33,-0.99037350514931,0.0096,3,-1,3,1.052542517706,0.0525,3,1,-2.9784663878274,0.0215,3,-3,-0.99037350514931,0.0096,3,-1,3,1.052542517706,0.0525,3,1,-2.9784663878274,0.0215,3,-3,0.86393079142897,-0.1361,1,1,1,-4.7426814132738,-0.7427,1,-4,-4.3043747087014,-0.3044,1,-4,1.041989687527,0.042,3,1,3,-10.437482115636,0.2292,3,-10.666666666667,0.76059386036264,0.0939,3,0.66666666666667,1.041989687527,0.042,3,1,3,-10.437482115636,0.2292,3,-10.666666666667,0.76059386036264,0.0939,3,0.66666666666667,1.140093686618,1.1401,1,0,1,-2.7772373387471,6.2228,1,-9,2.5502881026574,2.5503,1,0,1530.6710885736,1575.0175220928,3,1520.0269524041,1582.391521521,100,3,1530.6710885736,1575.0175220928,3,1520.0269524041,1582.391521521,100,3,1511.6009703246,1484.2792328451,1,1511.6009703246,1484.2792328451,100,1,1534.9071085574,1613.3620699241,3,1490.7687036771,1515.5188062552,100,3,1534.9071085574,1613.3620699241,3,1490.7687036771,1515.5188062552,100,3,1678.6379984907,1891.5104689113,1,1678.6379984907,1891.5104689113,100,1,2.33,1.33,14.67,15.67,6.33,3.33,3,0.67,1.67,20.67,10,5.33,6,3,1,3,1,7,1,3,0,9,40280000,1363.6027322793,240600000,1631.6948426329,1.7872807356902,268.09211035353,0,0,0,0,2,2,1,0,H,2
6444,2026-09-13T13:30:00+00:00,21,18,345,347,core_v1,2,50,4,3,270,13.636363636364,2,3,0,1980,50,2,1,83,4.1624874623872,1,1,0,1994,,,0,23,0,,,,0,26,0,,,,0,21,50,2,1,0,0,,,0,23,50,2,1,0,0,1463.9401595653,109.89277432443,1573.8329338897,1.52,13.96,4.36,3.84,2.32,17.56,6.76,0.28,0.2,0.8,0.52,25,25,25,-3.1672630311071,0.3327,2,-3.5,2,-8.6838832980585,1.8161,2,-10.5,-4.255697015919,0.7443,2,-5,-3.1672630311071,0.3327,2,-3.5,2,-8.6838832980585,1.8161,2,-10.5,-4.255697015919,0.7443,2,-5,-1.1765521185108,0.8234,1,-2,1,-7.5055266154318,4.4945,1,-12,-1.1580203802813,1.842,1,-3,-0.0506728072568,-0.5507,2,0.5,2,5.4943643897109,-3.0056,2,8.5,1.2681939429295,-1.2318,2,2.5,-0.0506728072568,-0.5507,2,0.5,2,5.4943643897109,-3.0056,2,8.5,1.2681939429295,-1.2318,2,2.5,2.591768075829,-0.4082,1,3,1,7.7718231363968,-2.2282,1,10,6.0868215204082,-0.9132,1,7,1569.9494217036,1667.2227803186,2,1569.9494217036,1667.2227803186,100,2,1569.9494217036,1667.2227803186,2,1569.9494217036,1667.2227803186,100,2,1634.178598745,1759.6022429579,1,1634.178598745,1759.6022429579,100,1,1454.3198698515,1539.4175600152,2,1454.3198698515,1539.4175600152,100,2,1454.3198698515,1539.4175600152,2,1454.3198698515,1539.4175600152,100,2,1472.9639644963,1548.9091627981,1,1472.9639644963,1548.9091627981,100,1,3.5,0,18.5,8,7,2,2,1.5,2,13.5,22,5.5,8,2,1,2,1,7,1,2,0,8,152800000,1563.5939536116,487950000,1737.7564133399,1.1610830648551,174.16245972826,0,0,0,0,5,5,1,1,H,5
6086,2026-09-13T14:15:00+00:00,20,17,322,314,core_v1,4,50,2,1,,0,1,0,0,3969,50,2,3,64,1.6108733954191,1,0,0,3973,,,0,38,0,,,,0,29,0,,4,7,4,21,100,5,5,8,2,1,10,3,14,100,4,4,8,0,1737.5930929254,-247.97900965301,1489.6140832724,1.23,11.34,4.04,2.94,1.7,13.96,5.11,0.234,0.2766,0.47,0.4894,47,47,47,3.5041819022836,-0.2458,4,3.75,4,13.158296508538,-1.3417,4,14.5,6.2001267945062,-0.5499,4,6.75,3.5041819022836,-0.2458,4,3.75,4,13.158296508538,-1.3417,4,14.5,6.2001267945062,-0.5499,4,6.75,4.7195248986932,-0.2805,2,5,2,11.469134591035,-1.5309,2,13,5.8726021621291,-0.6274,2,6.5,-0.1988942812254,-0.1989,4,0,4,-4.3355878962172,-1.0856,4,-3.25,-2.4449088044689,-0.4449,4,-2,-0.1988942812254,-0.1989,4,0,4,-4.3355878962172,-1.0856,4,-3.25,-2.4449088044689,-0.4449,4,-2,3.4704387669488,0.4704,1,3,1,1.5677089766707,2.5677,1,-1,5.0523296501511,1.0523,1,4,1492.4083175313,1529.6391190821,4,1488.0119398944,1519.1325189746,100,4,1492.4083175313,1529.6391190821,4,1488.0119398944,1519.1325189746,100,4,1487.8720605168,1507.1237140134,2,1487.8720605168,1507.1237140134,100,2,1498.5501783285,1512.6968286055,4,1475.5842637187,1499.6664092133,100,4,1498.5501783285,1512.6968286055,4,1475.5842637187,1499.6664092133,100,4,1586.1592160476,1640.1785250203,1,1586.1592160476,1640.1785250203,100,1,0.5,4.25,6.5,21,2.25,9,4,1.25,1.25,14.5,11.25,5.5,3.5,4,2,4,1,7,1,4,1,6,1260000000,1880.0545220936,86900000,1478.9381769425,-2.6741089676742,-401.11634515113,4,1,1,0,-2,2,0,1,A,6
6761,2026-09-13T15:15:00+00:00,22,19,369,368,core_v1,3,83.333333333333,6,9,700,23.442732752847,5,9,0,2986,100,2,3,198,6.7164179104478,2,2,0,2948,,,0,42,0,,,,0,26,0,,4.6666666666667,6.3333333333333,3,33,80,5,4,0,0,3,8,1,22,66.666666666667,3,2,0,0,1582.106138746,-90.138995345845,1491.9671434002,1.35,12.35,4.24,2.76,1.41,15.5,5.21,0.3529,0.3529,0.06,0.2941,34,34,34,0.16235382630058,-0.171,3,0.33333333333333,3,3.0667741566406,-0.9332,3,4,2.2842007275057,-0.3825,3,2.6666666666667,0.16235382630058,-0.171,3,0.33333333333333,3,3.0667741566406,-0.9332,3,4,2.2842007275057,-0.3825,3,2.6666666666667,-0.83881178654667,0.1612,1,-1,1,1.8797838352099,0.8798,1,1,0.36056368690019,0.3606,1,0,-0.55922036461807,-0.2259,3,-0.33333333333333,3,-10.566250768487,-1.2329,3,-9.3333333333333,-1.8386225171888,-0.5053,3,-1.3333333333333,-0.55922036461807,-0.2259,3,-0.33333333333333,3,-10.566250768487,-1.2329,3,-9.3333333333333,-1.8386225171888,-0.5053,3,-1.3333333333333,-0.41703827221583,-0.417,1,0,1,-20.276242925576,-2.2762,1,-18,-2.9328774963571,-0.9329,1,-2,1507.0315595312,1543.0300864276,3,1499.5372301895,1486.4292145254,100,3,1507.0315595312,1543.0300864276,3,1499.5372301895,1486.4292145254,100,3,1550.5090098566,1658.3818119122,1,1550.5090098566,1658.3818119122,100,1,1499.8447108071,1540.9180189366,3,1474.8249148738,1550.041650651,100,3,1499.8447108071,1540.9180189366,3,1474.8249148738,1550.041650651,100,3,1474.8249148738,1445.6391572028,1,1474.8249148738,1445.6391572028,100,1,1.67,2,11.33,15.33,4.67,7.33,3,2,1.67,18.67,9.33,5.67,4.33,3,1,3,0,8,2,3,0,7,203200000,1606.3530794574,27550000,1306.6248524416,-1.9981881801054,-299.72822701581,2,0,1,1,0,2,0,1,D,4
5697,2026-09-13T15:30:00+00:00,19,16,294,303,core_v1,3,100,2,6,152,5.1178451178451,2,3,0,2970,80,5,5,,0,4,2,0,2984,,,0,38,0,,,,0,36,0,,3.6666666666667,7.3333333333333,3,29,80,5,4,3,3,3,8,4,22,100,5,5,3,2,1667.2506474102,-83.766098061377,1583.4845493488,1.39,12.68,4.13,2.84,1.45,14.63,4.66,0.3158,0.3684,0.06,0.3158,38,38,38,1.5403344379938,-0.1263,3,1.6666666666667,3,5.9771308112141,-0.6895,3,6.6666666666667,3.3840727153553,-0.2826,3,3.6666666666667,1.5403344379938,-0.1263,3,1.6666666666667,3,5.9771308112141,-0.6895,3,6.6666666666667,3.3840727153553,-0.2826,3,3.6666666666667,2.6333830722179,-0.3666,1,3,1,6.9989625800373,-2.001,1,9,7.1799105633774,-0.8201,1,8,-0.17320681222554,-0.5065,3,0.33333333333333,3,8.2352455406014,-2.7648,3,11,0.20024811244312,-1.1331,3,1.3333333333333,-0.17320681222554,-0.5065,3,0.33333333333333,3,8.2352455406014,-2.7648,3,11,0.20024811244312,-1.1331,3,1.3333333333333,1.8525113850526,-1.1475,1,3,1,17.736874968154,-6.2631,1,24,3.4331701008572,-2.5668,1,6,1512.0008357812,1729.6222968054,3,1484.6567530063,1762.2625409573,100,3,1512.0008357812,1729.6222968054,3,1484.6567530063,1762.2625409573,100,3,1480.5499589344,1763.4716482625,1,1480.5499589344,1763.4716482625,100,1,1462.2354016338,1674.5442121687,3,1500,1679.3381621687,100,3,1462.2354016338,1674.5442121687,3,1500,1679.3381621687,100,3,1378.341622918,1679.3381621687,1,1378.341622918,1679.3381621687,100,1,0.67,2.33,8.67,15.33,2.67,6.33,3,2,2.33,11.67,22.67,5,6.33,3,1,3,0,8,2,3,0,7,1430000000,1899.0389305899,924300000,1833.5799762424,-0.43639302898322,-65.458954347483,1,1,0,0,-1,0,0,0,A,1
6445,2026-09-13T15:30:00+00:00,21,18,351,334,core_v1,2,0,2,0,,0,0,0,0,1998,0,2,0,,0,0,0,0,1980,,,0,21,0,,,,0,20,0,,,,0,20,50,2,1,0,0,,,0,20,50,2,1,0,0,1742.4702076828,-234.49660924387,1507.9735984389,1.46,13.81,4.35,3.88,2.42,17.62,6.73,0.2692,0.1923,0.96,0.5385,26,26,26,2.0636014775475,0.0636,2,2,2,10.847144190279,0.3471,2,10.5,4.6422708444093,0.1423,2,4.5,2.0636014775475,0.0636,2,2,2,10.847144190279,0.3471,2,10.5,4.6422708444093,0.1423,2,4.5,-0.2664260993987,-0.2664,1,0,1,9.5458156616589,-1.4542,1,11,3.4040285289629,-0.596,1,4,1.0404291633804,0.0404,2,1,2,-10.279332969508,0.2207,2,-10.5,3.0904364400746,0.0904,2,3,1.0404291633804,0.0404,2,1,2,-10.279332969508,0.2207,2,-10.5,3.0904364400746,0.0904,2,3,1.5311964707674,0.5312,1,1,1,-7.1006684776176,2.8993,1,-10,3.1882392258397,1.1882,1,2,1534.7222631505,1574.3050927857,2,1534.7222631505,1574.3050927857,100,2,1534.7222631505,1574.3050927857,2,1534.7222631505,1574.3050927857,100,2,1491.5249363251,1448.4784933839,1,1491.5249363251,1448.4784933839,100,1,1531.689237736,1642.2490660449,2,1531.689237736,1642.2490660449,100,2,1531.689237736,1642.2490660449,2,1531.689237736,1642.2490660449,100,2,1595.9257962945,1735.5889692916,1,1595.9257962945,1735.5889692916,100,1,0.5,2.5,7.5,18,2.5,7,2,2.5,3.5,23,12.5,5,8,2,1,2,0,7,1,2,0,8,1040000000,1851.2708709221,58050000,1418.4201783234,-2.8856712839915,-432.85069259873,2,1,1,0,-1,1,0,1,A,3
5318,2026-09-13T16:00:00+00:00,18,15,278,284,core_v1,3,100,2,6,159,5.3427419354839,2,2,0,2976,85.714285714286,7,21,833,28.047138047138,6,18,3,2970,,,0,47,0,,,,0,36,0,,4.25,6.75,4,27,100,5,5,3,1,2,9,3,26,80,5,4,8,6,1517.055023334,109.76697899489,1626.8220023289,1.54,14.17,5.09,2.91,1.37,15.06,4.63,0.4571,0.1714,-0.17,0.3714,35,35,35,-0.54182864172005,0.1248,3,-0.66666666666667,3,7.3480469860743,0.6814,3,6.6666666666667,0.94591821723443,0.2793,3,0.66666666666667,-0.54182864172005,0.1248,3,-0.66666666666667,3,7.3480469860743,0.6814,3,6.6666666666667,0.94591821723443,0.2793,3,0.66666666666667,-0.55360151236192,0.4464,1,-1,1,12.436494363155,2.4365,1,10,1.9985536850438,0.9986,1,1,0.49430677654008,0.4943,3,0,3,-3.6353500111185,2.698,3,-6.3333333333333,0.10572026322905,1.1057,3,-1,0.49430677654008,0.4943,3,0,3,-3.6353500111185,2.698,3,-6.3333333333333,0.10572026322905,1.1057,3,-1,-0.43628969589665,0.5637,1,-1,1,-4.9232042302213,3.0768,1,-8,-2.7390302228892,1.261,1,-4,1539.2816234071,1654.9945614916,3,1545.3397558173,1640.9131723895,100,3,1539.2816234071,1654.9945614916,3,1545.3397558173,1640.9131723895,100,3,1581.3706892044,1720.8880094527,1,1581.3706892044,1720.8880094527,100,1,1587.6414076471,1709.5195323508,3,1596.7256390035,1751.6065343163,100,3,1587.6414076471,1709.5195323508,3,1596.7256390035,1751.6065343163,100,3,1596.7256390035,1751.6065343163,1,1596.7256390035,1751.6065343163,100,1,1.33,0.67,10.33,17,3.67,4.33,3,1.67,1.67,20.33,14,5.33,4.33,3,2,3,1,7,2,3,0,8,216750000,1616.0361644509,432500000,1719.6618210576,0.69083771071128,103.62565660669,0,0,0,0,1,1,1,0,H,1
6088,2026-09-13T16:30:00+00:00,20,17,328,327,core_v1,4,50,2,4,133,3.3400301356102,1,3,0,3982,100,6,13,734,18.815688285055,6,11,1,3901,,,0,27,0,,,,0,44,0,,2.5,8.5,2,24,75,4,3,7,0,3.75,7.25,4,24,100,5,5,6,3,1521.6323779697,-44.712625566135,1476.9197524036,1.29,11.35,4.08,3,1.71,13.94,5.15,0.25,0.2708,0.42,0.4792,48,48,48,0.69140900021458,-0.0586,4,0.75,4,-5.3197964255304,-0.3198,4,-5,-0.88106285161426,-0.1311,4,-0.75,0.69140900021458,-0.0586,4,0.75,4,-5.3197964255304,-0.3198,4,-5,-0.88106285161426,-0.1311,4,-0.75,0.63999066325712,0.14,2,0.5,2,-7.2359148353636,0.7641,2,-8,0.31314665380422,0.3131,2,0,-1.0336508725653,-0.2837,4,-0.75,4,-4.2981991342899,-1.5482,4,-2.75,-3.1345017555159,-0.6345,4,-2.5,-1.0336508725653,-0.2837,4,-0.75,4,-4.2981991342899,-1.5482,4,-2.75,-3.1345017555159,-0.6345,4,-2.5,0.32933520923309,-0.1707,2,0.5,2,-0.93150808573039,-0.9315,2,0,-1.8817619468857,-0.3818,2,-1.5,1516.9144821819,1526.3343211482,4,1498.9301266921,1507.1237140134,100,4,1516.9144821819,1526.3343211482,4,1498.9301266921,1507.1237140134,100,4,1542.9068464545,1545.544928283,2,1542.9068464545,1545.544928283,100,2,1487.4563836505,1498.7149726467,4,1487.8936519085,1486.6932321351,100,4,1487.4563836505,1498.7149726467,4,1487.8936519085,1486.6932321351,100,4,1502.2451378126,1546.5331552567,2,1502.2451378126,1546.5331552567,100,2,1.25,2,13.25,8.25,4.25,3.5,4,1.25,0.5,12.5,9.75,4,1.5,4,2,4,0,7,2,4,1,5,115800000,1522.0041568726,92300000,1487.9810933281,-0.22682042363009,-34.023063544513,1,0,1,1,0,1,0,0,D,2
5313,2026-09-13T18:45:00+00:00,18,15,275,281,core_v1,3,100,9,25,564,18.837675350701,9,15,1,2994,25,8,5,366,12.323232323232,2,5,0,2970,,,0,42,0,,,,0,33,0,,3.75,7.25,4,25,100,5,5,3,3,1.5,9.5,2,14,100,3,3,0,0,1623.8627153075,-130.23713594089,1493.6255793666,1.5,13.92,5,2.86,1.36,15.06,4.58,0.4444,0.1667,-0.14,0.3889,36,36,36,0.97469466809179,-0.0253,3,1,3,12.195213917028,-0.1381,3,12.333333333333,3.2767275581617,-0.0566,3,3.3333333333333,0.97469466809179,-0.0253,3,1,3,12.195213917028,-0.1381,3,12.333333333333,3.2767275581617,-0.0566,3,3.3333333333333,0.82472642211648,-0.1753,1,1,1,8.0433366233321,-0.9567,1,9,2.6079286065407,-0.3921,1,3,-0.035067921649574,-0.0351,3,0,3,3.4752619110662,-0.1914,3,3.6666666666667,1.5882228471652,-0.0784,3,1.6666666666667,-0.035067921649574,-0.0351,3,0,3,3.4752619110662,-0.1914,3,3.6666666666667,1.5882228471652,-0.0784,3,1.6666666666667,0.5204327461722,-0.4796,1,1,1,6.3824666904949,-2.6175,1,9,1.9272507371836,-1.0727,1,3,1519.6293515674,1594.86719047,3,1500,1560.0477830933,100,3,1519.6293515674,1594.86719047,3,1500,1560.0477830933,100,3,1500,1491.0374993391,1,1500,1491.0374993391,100,1,1518.3515256851,1640.8852759079,3,1519.5461775012,1616.0361644509,100,3,1518.3515256851,1640.8852759079,3,1519.5461775012,1616.0361644509,100,3,1460.170984824,1585.7316538201,1,1460.170984824,1585.7316538201,100,1,0.33,1.33,6,18.33,2,5.33,3,1.67,1.67,15,18.67,5.33,7,3,1,3,1,7,1,3,0,7,619300000,1773.5129432934,198950000,1603.1825026327,-1.1355362710711,-170.33044066066,2,0,1,0,1,3,1,1,H,5
6762,2026-09-13T18:45:00+00:00,22,19,363,357,core_v1,3,,0,0,,,0,0,0,,100,3,4,102,3.412512546002,3,1,0,2989,,,0,34,0,,,,0,38,0,,6,5,3,28,80,5,4,6,0,3.6666666666667,7.3333333333333,3,29,80,5,4,4,3,1663.820599041,-177.02465170237,1486.7959473386,1.37,12.46,4.29,2.8,1.43,15.43,5.2,0.3429,0.3714,0.06,0.2857,35,35,35,0.031524477311232,0.3649,3,-0.33333333333333,3,14.658102622672,1.9914,3,12.666666666667,4.1494877814898,0.8162,3,3.3333333333333,0.031524477311232,0.3649,3,-0.33333333333333,3,14.658102622672,1.9914,3,12.666666666667,4.1494877814898,0.8162,3,3.3333333333333,0.36759345818483,0.3676,2,0,2,11.506367435381,2.0064,2,9.5,1.8222738482171,0.8223,2,1,-0.04962640011606,-0.383,3,0.33333333333333,3,11.243094997621,-2.0902,3,13.333333333333,3.143353161695,-0.8566,3,4,-0.04962640011606,-0.383,3,0.33333333333333,3,11.243094997621,-2.0902,3,13.333333333333,3.143353161695,-0.8566,3,4,-0.30567896461147,-0.3057,1,0,1,19.331569002055,-1.6684,1,21,4.3162233631924,-0.6838,1,5,1577.1673340963,1643.5705667288,3,1576.4511959968,1631.6948426329,100,3,1577.1673340963,1643.5705667288,3,1576.4511959968,1631.6948426329,100,3,1577.5254031461,1629.3840457944,2,1577.5254031461,1629.3840457944,100,2,1479.2854565971,1415.5468724526,3,1489.4007404764,1424.4969586609,100,3,1479.2854565971,1415.5468724526,3,1489.4007404764,1424.4969586609,100,3,1489.4007404764,1515.5188062552,1,1489.4007404764,1515.5188062552,100,1,2,1.67,7.33,20,3,6.33,3,1.67,2,10.67,24,3.67,7.67,3,1,3,0,8,1,3,0,8,1360000000,1891.5104689113,69600000,1445.6391572028,-2.9724754113897,-445.87131170846,1,1,0,0,-1,0,0,0,A,1
6089,2026-09-13T19:00:00+00:00,20,17,329,315,core_v1,4,100,1,1,,0,1,0,0,3960,100,3,5,366,7.4254412659769,3,5,1,4929,,,0,42,0,,,,0,28,0,,6,5,3,32,80,5,4,4,0,4,7,2,24,60,5,3,13,5,1591.6772439609,-106.899419491,1484.7778244699,1.29,11.33,4.06,2.98,1.69,13.96,5.12,0.2449,0.2857,0.4,0.4694,49,49,49,0.18675413716248,-0.0632,4,0.25,4,2.654796795769,-0.3452,4,3,0.85852463404539,-0.1415,4,1,0.18675413716248,-0.0632,4,0.25,4,2.654796795769,-0.3452,4,3,0.85852463404539,-0.1415,4,1,-0.82800256787164,-0.328,2,-0.5,2,-3.7902757958439,-1.7903,2,-2,-0.23371255038302,-0.7337,2,0.5,-0.30163062405358,0.0984,5,-0.4,5,-1.6630886155804,0.5369,5,-2.2,-0.97995646139735,0.22,5,-1.2,-0.30163062405358,0.0984,5,-0.4,5,-1.6630886155804,0.5369,5,-2.2,-0.97995646139735,0.22,5,-1.2,0.16882113239005,-0.3312,2,0.5,2,5.6923875943279,-1.8076,2,7.5,4.2591823498097,-0.7408,2,5,1516.3052069133,1573.8362673376,4,1495.2248577073,1602.1276063922,100,4,1516.3052069133,1573.8362673376,4,1495.2248577073,1602.1276063922,100,4,1481.6511879298,1602.1276063922,2,1481.6511879298,1602.1276063922,100,2,1537.4590339793,1623.2357310159,5,1502.3416947274,1582.2182112765,100,5,1537.4590339793,1623.2357310159,5,1502.3416947274,1582.2182112765,100,5,1481.2354418907,1559.5063323349,2,1481.2354418907,1559.5063323349,100,2,1.5,1.75,12.25,15.25,4,5,4,1.6,1.2,15.2,13,6.6,5.4,5,1,4,0,8,2,5,1,5,679700000,1787.4722007547,278300000,1653.5294223816,-0.89295185582075,-133.94277837311,3,1,0,0,-3,0,0,1,A,3
5315,2026-09-14T16:30:00+00:00,18,15,286,282,core_v1,3,50,2,2,,0,1,1,0,3036,75,4,6,290,9.7348103390399,3,6,1,2979,,,0,43,0,,,,0,48,0,,3.3333333333333,7.6666666666667,3,30,80,5,4,6,4,3.6666666666667,7.3333333333333,3,35,80,5,4,3,2,1643.2130963714,-177.73451785338,1465.4785785181,1.51,14.03,5.08,2.92,1.41,14.92,4.62,0.4324,0.1622,-0.1,0.4054,37,37,37,2.9509491143948,-0.0491,3,3,3,16.06560794986,-0.2677,3,16.333333333333,5.5569442013535,-0.1097,3,5.6666666666667,2.9509491143948,-0.0491,3,3,3,16.06560794986,-0.2677,3,16.333333333333,5.5569442013535,-0.1097,3,5.6666666666667,3.4069490403468,-0.5931,1,4,1,4.7630595526781,-3.2369,1,8,3.6733977878961,-1.3266,1,5,-0.34711446683716,-0.0138,3,-0.33333333333333,3,-9.0752190140196,-0.0752,3,-9,-2.6974938357217,-0.0308,3,-2.6666666666667,-0.34711446683716,-0.0138,3,-0.33333333333333,3,-9.0752190140196,-0.0752,3,-9,-2.6974938357217,-0.0308,3,-2.6666666666667,-0.55185963565118,0.4481,1,-1,1,-8.5539982731223,2.446,1,-11,-1.9975498917904,1.0025,1,-3,1516.5212948008,1622.5961340388,3,1516.0707538298,1675.7561765608,100,3,1516.5212948008,1622.5961340388,3,1516.0707538298,1675.7561765608,100,3,1445.317096627,1471.1442161029,1,1445.317096627,1471.1442161029,100,1,1521.1377545,1670.8183227237,3,1498.327045766,1675.7561765608,100,3,1521.1377545,1670.8183227237,3,1498.327045766,1675.7561765608,100,3,1581.5986835383,1733.5162889776,1,1581.5986835383,1733.5162889776,100,1,0.33,3.33,7.33,23.67,3,8.67,3,1.67,1.33,17.33,8.33,5.67,3,3,2,3,0,8,1,3,0,9,484600000,1736.7230433592,177100000,1585.7316538201,-1.0066092635936,-150.99138953905,2,1,0,0,-2,0,0,0,A,2
5317,2026-09-14T16:30:00+00:00,18,15,292,290,core_v1,3,75,4,6,322,10.780046869769,3,4,0,2987,0,1,0,,0,0,0,0,2970,,,0,48,0,,,,0,51,0,,2.5,8.5,2,25,80,5,4,3,0,5.3333333333333,5.6666666666667,3,36,80,5,4,2,1,1455.4791971674,161.49487268052,1616.9740698479,1.51,14.03,5.08,2.92,1.41,14.92,4.62,0.4324,0.1622,-0.1,0.4054,37,37,37,-1.3992211658326,-0.3992,3,-1,3,-11.178995106704,-2.179,3,-9,-3.5596888818604,-0.893,3,-2.6666666666667,-1.3992211658326,-0.3992,3,-1,3,-11.178995106704,-2.179,3,-9,-3.5596888818604,-0.893,3,-2.6666666666667,-1.2431318548725,0.7569,1,-2,1,-12.868926485365,4.1311,1,-17,-1.3069533245775,1.693,1,-3,1.3549577317954,0.0216,3,1.3333333333333,3,6.784695124241,0.118,3,6.6666666666667,4.7150385213416,0.0484,3,4.6666666666667,1.3549577317954,0.0216,3,1.3333333333333,3,6.784695124241,0.118,3,6.6666666666667,4.7150385213416,0.0484,3,4.6666666666667,,,0,,0,,,0,,,,0,,1470.6874884883,1602.2737891137,3,1456.6932644211,1528.2206913173,100,3,1470.6874884883,1602.2737891137,3,1456.6932644211,1528.2206913173,100,3,1622.0080789281,1773.5129432934,1,1622.0080789281,1773.5129432934,100,1,1525.7719864327,1620.1617552063,3,1481.3703710904,1578.7092793402,100,3,1525.7719864327,1620.1617552063,3,1481.3703710904,1578.7092793402,100,3,,,0,,,,0,1.33,0.33,17,8,5.33,2.67,3,1,2.33,13.67,20.33,2.33,7,3,1,3,0,8,1,3,0,9,149230000,1560.0477830933,535150000,1751.6065343163,1.277058341487,191.55875122305,1,0,1,0,1,2,1,1,H,3
5320,2026-09-14T18:45:00+00:00,18,15,287,279,core_v1,3,83.333333333333,6,11,508,17.041261321704,5,8,0,2981,50,2,5,242,8.1371889710827,1,5,1,2974,,,0,44,0,,,,0,39,0,,3.5,7.5,4,23,100,5,5,5,2,2.6666666666667,8.3333333333333,3,26,80,5,4,6,5,1481.0199824494,229.50764728169,1710.5276297311,1.51,13.97,5.05,2.9,1.38,15.05,4.64,0.4359,0.1538,-0.13,0.4103,39,39,39,-0.17044592495655,-0.1704,3,0,3,-5.9303134909277,-0.9303,3,-5,-1.3812723635481,-0.3813,3,-1,-0.17044592495655,-0.1704,3,0,3,-5.9303134909277,-0.9303,3,-5,-1.3812723635481,-0.3813,3,-1,-0.3896883763588,-1.3897,1,1,1,-10.585079226985,-7.5851,1,-3,-3.1086092083733,-3.1086,1,0,1.3511307256416,-0.3155,3,1.6666666666667,3,11.611101822765,-1.7222,3,13.333333333333,2.627507517611,-0.7058,3,3.3333333333333,1.3511307256416,-0.3155,3,1.6666666666667,3,11.611101822765,-1.7222,3,13.333333333333,2.627507517611,-0.7058,3,3.3333333333333,1.7328759558549,-0.2671,2,2,2,8.0420061988414,-1.458,2,9.5,0.90246728868583,-0.5975,2,1.5,1500.6318917444,1632.5358131454,3,1562.4993623993,1640.9131723895,100,3,1500.6318917444,1632.5358131454,3,1562.4993623993,1640.9131723895,100,3,1341.0451834456,1505.0877327305,1,1341.0451834456,1505.0877327305,100,1,1481.6410519448,1584.3234150351,3,1468.9677805103,1528.2206913173,100,3,1481.6410519448,1584.3234150351,3,1468.9677805103,1528.2206913173,100,3,1487.9776876621,1612.374776894,2,1487.9776876621,1612.374776894,100,2,1.67,1.67,18,13,5.67,4.67,3,1,2.67,11,24.33,3.33,6.67,3,1,3,1,7,1,3,0,9,151300000,1562.1141652209,730300000,1798.2427833957,1.5741907878318,236.12861817476,3,0,1,0,2,5,1,1,H,8
5698,2026-09-14T19:00:00+00:00,19,16,308,295,core_v1,3,100,5,10,326,10.976430976431,5,6,0,2970,33.333333333333,3,2,124,4.1750841750842,1,2,0,2970,,,0,37,0,,,,0,26,0,,4,7,3,27,80,5,4,2,2,1,10,1,21,66.666666666667,3,2,0,0,1517.9044748471,8.6265713042885,1526.5310461514,1.38,12.51,4.08,2.79,1.41,14.67,4.62,0.3333,0.359,0.03,0.3077,39,39,39,0.61030864746617,-0.0564,3,0.66666666666667,3,-9.9742752269625,-0.3076,3,-9.6666666666667,-3.4594012061261,-0.1261,3,-3.3333333333333,0.61030864746617,-0.0564,3,0.66666666666667,3,-9.9742752269625,-0.3076,3,-9.6666666666667,-3.4594012061261,-0.1261,3,-3.3333333333333,1.2290196884711,-0.771,1,2,1,-10.20809934434,-4.2081,1,-6,-5.7246143356058,-1.7246,1,-4,0.31056229405439,-0.0228,3,0.33333333333333,3,-7.1242869552267,-0.1243,3,-7,-0.71760345479194,-0.0509,3,-0.66666666666667,0.31056229405439,-0.0228,3,0.33333333333333,3,-7.1242869552267,-0.1243,3,-7,-0.71760345479194,-0.0509,3,-0.66666666666667,0.043097709865409,0.0431,1,0,1,-9.7647677354205,0.2352,1,-10,-2.9035942589529,0.0964,1,-3,1521.1597637226,1809.4780589436,3,1561.2954116602,1816.3500515882,100,3,1521.1597637226,1809.4780589436,3,1561.2954116602,1816.3500515882,100,3,1427.6228144649,1816.3500515882,1,1427.6228144649,1816.3500515882,100,1,1525.555965283,1760.6647639532,3,1533.7583730261,1764.9149583671,100,3,1525.555965283,1760.6647639532,3,1533.7583730261,1764.9149583671,100,3,1534.1775293071,1764.9149583671,1,1534.1775293071,1764.9149583671,100,1,1.33,2,20.33,10.67,6,2.67,3,0.67,1,18,11,4,3.33,3,1,3,0,9,1,3,0,9,606100000,1770.2812204454,407550000,1710.7490157829,-0.39688136441677,-59.532204662516,1,0,1,0,3,4,1,1,H,5
6083,2026-09-14T19:00:00+00:00,20,17,318,326,core_v1,4,100,1,1,,0,1,1,0,3960,100,2,6,540,13.605442176871,2,6,0,3969,,,0,36,0,,,,0,38,0,,6,5,3,28,80,5,4,8,1,4,7,3,31,80,5,4,7,1,1586.4311353575,-8.6224875029968,1577.8086478545,1.32,11.36,4.08,2.98,1.66,13.84,5.08,0.26,0.28,0.34,0.46,50,50,50,0.11678408739658,0.1168,4,0,4,0.3874210005808,0.6374,4,-0.25,-0.48876439088907,0.2612,4,-0.75,0.11678408739658,0.1168,4,0,4,0.3874210005808,0.6374,4,-0.25,-0.48876439088907,0.2612,4,-0.75,-1.2253920839442,-0.2254,2,-1,2,-1.2302159555591,-1.2302,2,0,-2.5041820307076,-0.5042,2,-2,-0.5227238306302,-0.0227,4,-0.5,4,1.8759707150158,-0.124,4,2,2.9491688134201,-0.0508,4,3,-0.5227238306302,-0.0227,4,-0.5,4,1.8759707150158,-0.124,4,2,2.9491688134201,-0.0508,4,3,-1.1289189416266,-0.1289,1,-1,1,8.2963455672996,-0.7037,1,9,1.711619802042,-0.2884,1,2,1539.8693365251,1648.5085051439,4,1495.0818795433,1606.4713071629,100,4,1539.8693365251,1648.5085051439,4,1495.0818795433,1606.4713071629,100,4,1495.0818795433,1519.1756844434,2,1495.0818795433,1519.1756844434,100,2,1521.6091378305,1564.8949179761,4,1503.8546270961,1516.4261280548,100,4,1521.6091378305,1564.8949179761,4,1503.8546270961,1516.4261280548,100,4,1507.7092541922,1522.0041568726,1,1507.7092541922,1522.0041568726,100,1,1.25,1.25,16,15.75,6,5.25,4,2,1.5,13.25,15.25,3,6,4,1,4,0,10,1,4,0,9,254600000,1640.1785250203,331600000,1679.813885591,0.26423573713783,39.635360570675,2,1,1,0,-1,1,0,1,A,3
6099,2026-09-15T17:00:00+00:00,20,17,331,323,core_v1,5,50,4,5,24,0.48086555800441,2,1,0,4991,83.333333333333,6,15,523,13.144006031666,5,12,1,3979,,,0,25,0,,,,0,31,0,,1,10,3,23,80,5,4,10,9,4.5,6.5,2,29,60,5,3,9,3,1463.0342422394,50.508839430682,1513.5430816701,1.33,11.65,4.24,2.98,1.65,13.84,5.14,0.2745,0.2745,0.32,0.451,51,51,51,0.52106093066191,-0.0789,5,0.6,5,-1.6308585329055,-0.4309,5,-1.2,-1.5765796721188,-0.1766,5,-1.4,0.52106093066191,-0.0789,5,0.6,5,-1.6308585329055,-0.4309,5,-1.2,-1.5765796721188,-0.1766,5,-1.4,0.087597170124066,-0.4124,2,0.5,2,-7.7509421473595,-2.2509,2,-5.5,-4.9225084244214,-0.9225,2,-4,-0.86725564395347,0.3327,5,-1.2,5,-3.783842978123,1.8162,5,-5.6,0.14431950848629,0.7443,5,-0.6,-0.86725564395347,0.3327,5,-1.2,5,-3.783842978123,1.8162,5,-5.6,0.14431950848629,0.7443,5,-0.6,0.23427169842633,-0.2657,2,0.5,2,-1.4503756774374,-1.4504,2,0,2.4055894405898,-0.5944,2,3,1514.2511222928,1615.1914408304,5,1475.1880307834,1578.7980104875,100,5,1514.2511222928,1615.1914408304,5,1475.1880307834,1578.7980104875,100,5,1470.6040332172,1558.0338937074,2,1470.6040332172,1558.0338937074,100,2,1568.1363873955,1662.221815233,5,1500.0939605598,1578.7980104875,100,5,1568.1363873955,1662.221815233,5,1500.0939605598,1578.7980104875,100,5,1489.802269906,1475.0516571385,2,1489.802269906,1475.0516571385,100,2,1,1.6,11.8,10.6,5,3.6,5,2.8,1.6,17.4,11.8,6.2,5.6,5,2,5,1,3,2,4,1,2,127800000,1536.7944533933,86850000,1478.8518460049,-0.38628404925632,-57.942607388448,1,0,1,0,1,2,1,1,H,3
6096,2026-09-15T18:00:00+00:00,20,17,325,317,core_v1,5,87.5,8,15,870,17.505030181087,7,9,1,4970,100,3,6,92,2.314465408805,3,3,0,3975,,,0,35,0,,,,0,28,0,,3.6666666666667,7.3333333333333,3,28,80,5,4,7,4,1.6666666666667,9.3333333333333,3,25,80,5,4,10,8,1481.0863675073,12.29866896447,1493.3850364717,1.33,11.79,4.25,2.98,1.65,13.88,5.08,0.2692,0.2692,0.32,0.4615,52,52,52,-1.5278784662434,0.2721,5,-1.8,5,-4.3147293249151,1.4853,5,-5.8,-1.9912883492278,0.6087,5,-2.6,-1.5278784662434,0.2721,5,-1.8,5,-4.3147293249151,1.4853,5,-5.8,-1.9912883492278,0.6087,5,-2.6,-1.8204852642594,-0.3205,2,-1.5,2,-6.2492454868607,-1.7492,2,-4.5,-2.7168970112818,-0.7169,2,-2,1.135911170919,-0.0641,5,1.2,5,3.4501957889165,-0.3498,5,3.8,1.4566389935871,-0.1434,5,1.6,1.135911170919,-0.0641,5,1.2,5,3.4501957889165,-0.3498,5,3.8,1.4566389935871,-0.1434,5,1.6,2.3313346202646,-0.002,3,2.3333333333333,3,2.322424127186,-0.0109,3,2.3333333333333,1.3288623900946,-0.0045,3,1.3333333333333,1560.201463012,1640.6506851501,5,1527.2186062616,1582.2182112765,100,5,1560.201463012,1640.6506851501,5,1527.2186062616,1582.2182112765,100,5,1482.6351281932,1550.40108368,2,1482.6351281932,1550.40108368,100,2,1516.1948710176,1524.0066578388,5,1492.0746373413,1487.9810933281,100,5,1516.1948710176,1524.0066578388,5,1492.0746373413,1487.9810933281,100,5,1524.3218495532,1543.4444479841,3,1486.3101691582,1487.9810933281,100,3,2,0.2,14.2,8.4,4.8,2.2,5,1,2.2,10.2,14,4,5.6,5,2,5,1,3,2,4,1,3,148600000,1559.4131919443,66700000,1439.25521504,-0.80105317936208,-120.15797690431,1,1,0,0,-1,0,0,0,A,1
6100,2026-09-15T19:30:00+00:00,20,17,332,324,core_v1,5,100,3,0,,0,3,0,0,4962,0,1,0,,0,0,0,0,4956,,,0,29,0,,,,0,28,0,,2.5,8.5,2,27,60,5,3,11,6,1.5,9.5,2,25,60,5,3,9,7,1686.7371354739,-227.98267082543,1458.7544646484,1.32,11.75,4.23,2.94,1.62,13.91,5.04,0.283,0.2642,0.3,0.4528,53,53,53,1.8433234064716,-0.1567,5,2,5,7.9448411060031,-0.8552,5,8.8,5.049528405314,-0.3505,5,5.4,1.8433234064716,-0.1567,5,2,5,7.9448411060031,-0.8552,5,8.8,5.049528405314,-0.3505,5,5.4,-0.032447668115822,-0.0324,2,0,2,11.322896889996,-0.1771,2,11.5,3.9274174544373,-0.0726,2,4,-1.3002719456545,0.0997,5,-1.4,5,-0.45567279238102,0.5443,5,-1,0.423082781252,0.2231,5,0.2,-1.3002719456545,0.0997,5,-1.4,5,-0.45567279238102,0.5443,5,-1,0.423082781252,0.2231,5,0.2,-2.4469275159232,0.5531,2,-3,2,4.518733322775,3.0187,2,1.5,0.73717392053297,1.2372,2,-0.5,1504.0760536815,1544.126043555,5,1492.4727818698,1536.7944533933,100,5,1504.0760536815,1544.126043555,5,1492.4727818698,1536.7944533933,100,5,1520.3363842329,1588.4864892068,2,1520.3363842329,1588.4864892068,100,2,1537.6368714661,1638.3786805763,5,1500,1625.4572022969,100,5,1537.6368714661,1638.3786805763,5,1500,1625.4572022969,100,5,1596.9751476089,1766.7919722376,2,1596.9751476089,1766.7919722376,100,2,0.8,2.8,12,20.8,3.8,9.2,5,2.6,1.2,12.8,11.8,5,5.2,5,2,5,1,3,2,5,1,3,1460000000,1902.1532293071,74000000,1454.8342360824,-2.9821266214982,-447.31899322473,3,1,1,0,-1,2,0,1,A,5
6093,2026-09-16T17:00:00+00:00,20,17,315,330,core_v1,5,75,4,10,578,11.66027839419,3,8,0,4957,75,4,6,349,7.0505050505051,3,4,0,4950,,,0,28,0,,,,0,29,0,,4,7,3,26,80,5,4,8,5,4,7,2,27,60,5,3,11,3,1462.8016818203,137.53382796682,1600.3355097872,1.35,11.91,4.22,2.98,1.63,13.85,5,0.2963,0.2593,0.28,0.4444,54,54,54,-0.88737660695278,-0.2874,5,-0.6,5,0.23146537828128,-1.5685,5,1.8,1.1571641082692,-0.6428,5,1.8,-0.88737660695278,-0.2874,5,-0.6,5,0.23146537828128,-1.5685,5,1.8,1.1571641082692,-0.6428,5,1.8,-1.1016794262338,-0.1017,2,-1,2,1.4450219798494,-0.555,2,2,0.27255217351622,-0.2274,2,0.5,0.68858029678901,-0.1114,5,0.8,5,2.7918584261913,-0.6081,5,3.4,0.95076404085396,-0.2492,5,1.2,0.68858029678901,-0.1114,5,0.8,5,2.7918584261913,-0.6081,5,3.4,0.95076404085396,-0.2492,5,1.2,1.2015108421966,0.2015,2,1,2,9.099869387382,1.0999,2,8,1.9507618184738,0.4508,2,1.5,1486.9687220815,1505.0374299961,5,1486.5409075594,1487.9810933281,100,5,1486.9687220815,1505.0374299961,5,1486.5409075594,1487.9810933281,100,5,1511.2746357881,1510.7367131582,2,1511.2746357881,1510.7367131582,100,2,1509.9997304246,1589.7748983464,5,1490.4497154147,1625.4572022969,100,5,1509.9997304246,1589.7748983464,5,1490.4497154147,1625.4572022969,100,5,1550.9592258968,1545.544928283,2,1550.9592258968,1545.544928283,100,2,1.6,1,8.8,10.6,2.8,4.6,5,1.2,2,11.4,14.8,3.8,5,5,2,5,1,4,2,5,1,2,77900000,1462.5383650333,679700000,1787.4722007547,2.1662255714759,324.93383572138,0,0,0,0,4,4,1,1,H,4
6098,2026-09-16T17:00:00+00:00,20,17,327,320,core_v1,5,100,2,5,124,3.1584309730005,2,3,0,3926,0,1,0,,0,0,0,0,4972,,,0,32,0,,,,0,27,0,,2.6666666666667,8.3333333333333,3,26,80,5,4,8,6,2.5,8.5,2,24,60,5,3,11,7,1474.9463985449,47.125701692258,1522.0721002372,1.35,11.91,4.22,2.98,1.63,13.85,5,0.2963,0.2593,0.28,0.4444,54,54,54,0.2988222406833,-0.1012,5,0.4,5,1.0477601356667,-0.5522,5,1.6,-0.026325642241142,-0.2263,5,0.2,0.2988222406833,-0.1012,5,0.4,5,1.0477601356667,-0.5522,5,1.6,-0.026325642241142,-0.2263,5,0.2,0.60315229638666,-0.3968,2,1,2,-10.666040476528,-2.166,2,-8.5,-2.8877129914597,-0.8877,2,-2,0.48029705311331,-0.1197,5,0.6,5,-5.6533524718816,-0.6534,5,-5,-1.0677648379965,-0.2678,5,-0.8,0.48029705311331,-0.1197,5,0.6,5,-5.6533524718816,-0.6534,5,-5,-1.0677648379965,-0.2678,5,-0.8,0.74282733717203,-0.2572,2,1,2,-3.4036780156972,-1.4037,2,-2,-2.0752723570327,-0.5753,2,-1.5,1511.3402989972,1597.5977788788,5,1493.2768234251,1559.4131919443,100,5,1511.3402989972,1597.5977788788,5,1493.2768234251,1559.4131919443,100,5,1472.6400445081,1581.1258278451,2,1472.6400445081,1581.1258278451,100,2,1508.9155362262,1518.6636755842,5,1494.081921277,1487.9810933281,100,5,1508.9155362262,1518.6636755842,5,1494.081921277,1487.9810933281,100,5,1490.9221179093,1507.1237140134,2,1490.9221179093,1507.1237140134,100,2,1.2,1.6,10.2,11.8,3.8,4,5,1.2,1.8,13.6,8.6,4.2,3.4,5,2,4,1,4,2,5,1,3,169100000,1578.7980104875,115800000,1522.0041568726,-0.37862569076564,-56.793853614846,1,1,0,0,-1,0,0,0,A,1
6092,2026-09-16T19:30:00+00:00,20,17,314,333,core_v1,5,100,3,9,208,5.2169551040883,3,6,0,3987,66.666666666667,3,5,315,6.3520871143376,2,4,1,4959,,,0,33,0,,,,0,27,0,,2,9,2,28,60,5,3,8,5,3.3333333333333,7.6666666666667,3,23,80,5,4,11,4,1500.6419266723,242.01336465832,1742.6552913306,1.32,11.73,4.2,2.96,1.64,13.91,5.07,0.3036,0.25,0.32,0.4464,56,56,56,-0.084414467561575,-0.0844,5,0,5,-4.0607438870835,-0.4607,5,-3.6,-2.7888276506057,-0.1888,5,-2.6,-0.084414467561575,-0.0844,5,0,5,-4.0607438870835,-0.4607,5,-3.6,-2.7888276506057,-0.1888,5,-2.6,-1.235893535285,-0.2359,2,-1,2,-7.7875340865689,-1.2875,2,-6.5,-2.527672842673,-0.5277,2,-2,3.1499123123361,-0.2501,5,3.4,5,10.034992594819,-1.365,5,11.4,4.6405761018094,-0.5594,5,5.2,3.1499123123361,-0.2501,5,3.4,5,10.034992594819,-1.365,5,11.4,4.6405761018094,-0.5594,5,5.2,2.2888389058741,-0.2112,2,2.5,2,14.84745842604,-1.1525,2,16,6.5276514268832,-0.4723,2,7,1513.5344471327,1508.1472552093,5,1501.9523258027,1478.8518460049,100,5,1513.5344471327,1508.1472552093,5,1501.9523258027,1478.8518460049,100,5,1493.7073440275,1483.4164696665,2,1493.7073440275,1483.4164696665,100,2,1491.8494706795,1519.4989306542,5,1489.6140832724,1478.9381769425,100,5,1491.8494706795,1519.4989306542,5,1489.6140832724,1478.9381769425,100,5,1496.9445745457,1552.1545241509,2,1496.9445745457,1552.1545241509,100,2,1.8,1.8,14.8,11.2,6.6,4,5,0.8,4.2,7.8,19.2,3.2,8.4,5,2,4,1,4,2,5,1,3,107500000,1510.8480992369,1260000000,1880.0545220936,2.4613761523778,369.20642285667,2,0,1,0,5,7,1,1,H,9
6097,2026-09-17T17:00:00+00:00,20,17,326,328,core_v1,5,,0,0,,,0,0,0,,,0,0,,,0,0,0,,,,0,29,0,,,,0,27,0,,2.3333333333333,8.6666666666667,3,27,80,5,4,8,5,6,5,2,24,80,5,4,11,2,1476.4800301361,121.4191834413,1597.8992135774,1.33,11.61,4.18,3.07,1.74,14.19,5.14,0.2982,0.2456,0.41,0.4561,57,57,57,-0.83142995324557,-0.2314,5,-0.6,5,-2.4631713416676,-1.2632,5,-1.2,-2.3176882069328,-0.5177,5,-1.8,-0.83142995324557,-0.2314,5,-0.6,5,-2.4631713416676,-1.2632,5,-1.2,-2.3176882069328,-0.5177,5,-1.8,-2.3966369543638,-0.3966,2,-2,2,-7.6648901828494,-2.1649,2,-5.5,-4.3872415641462,-0.8872,2,-3.5,0.37475535510787,0.1748,5,0.2,5,3.1538348570678,0.9538,5,2.2,0.59091217523475,0.3909,5,0.2,0.37475535510787,0.1748,5,0.2,5,3.1538348570678,0.9538,5,2.2,0.59091217523475,0.3909,5,0.2,1.4589602587373,0.459,2,1,2,2.0050579567207,2.5051,2,-0.5,1.5266532489294,1.0267,2,0.5,1494.2915825143,1503.3728094919,5,1501.2357289324,1510.8480992369,100,5,1494.2915825143,1503.3728094919,5,1501.2357289324,1510.8480992369,100,5,1472.6676294884,1450.8967900367,2,1472.6676294884,1450.8967900367,100,2,1547.457198791,1654.7695812333,5,1513.7056204191,1653.5294223816,100,5,1547.457198791,1654.7695812333,5,1513.7056204191,1653.5294223816,100,5,1584.6567935069,1777.8413258444,2,1584.6567935069,1777.8413258444,100,2,1.2,0.6,12,10.8,3.8,2,5,1.2,1.4,15.6,17.8,6.4,6.6,5,2,4,1,4,2,5,1,2,92300000,1487.9810933281,254600000,1640.1785250203,1.0146495446145,152.19743169217,0,0,0,0,1,1,1,0,H,1
6094,2026-09-17T19:30:00+00:00,20,17,319,318,core_v1,5,,0,0,,,0,0,0,,,0,0,,,0,0,0,,,,0,27,0,,,,0,27,0,,1,10,2,24,80,5,4,8,6,2.3333333333333,8.6666666666667,3,22,80,5,4,11,5,1566.3405696345,-77.110362090628,1489.2302075439,1.31,11.55,4.14,3.03,1.72,14.33,5.19,0.2931,0.2414,0.41,0.4655,58,58,58,-0.52367581840897,0.0763,5,-0.6,5,-0.38341382560917,0.4166,5,-0.8,1.7707304009674,0.1707,5,1.6,-0.52367581840897,0.0763,5,-0.6,5,-0.38341382560917,0.4166,5,-0.8,1.7707304009674,0.1707,5,1.6,-0.32065879363138,0.0127,3,-0.33333333333333,3,-0.26415423574546,0.0692,3,-0.33333333333333,3.3616851505462,0.0284,3,3.3333333333333,-0.97398438118578,0.226,5,-1.2,5,-1.5663807192994,1.2336,5,-2.8,-2.894423177286,0.5056,5,-3.4,-0.97398438118578,0.226,5,-1.2,5,-1.5663807192994,1.2336,5,-2.8,-2.894423177286,0.5056,5,-3.4,-0.24296513076606,-0.243,2,0,2,1.6738683307664,-1.3261,2,3,-1.543491372355,-0.5435,2,-1,1534.5735373359,1579.9516393849,5,1507.7092541922,1522.0041568726,100,5,1534.5735373359,1579.9516393849,5,1507.7092541922,1522.0041568726,100,5,1526.2424323766,1579.1918383439,3,1500,1510.8480992369,100,3,1554.1666573913,1654.5571950307,5,1504.2488309289,1582.2182112765,100,5,1554.1666573913,1654.5571950307,5,1504.2488309289,1582.2182112765,100,5,1492.7817425248,1500.4711669076,2,1492.7817425248,1500.4711669076,100,2,2,1.4,15.8,15,4.8,6.4,5,1.6,0.4,13.6,10.8,5.2,1.8,5,2,4,1,3,2,5,1,4,331600000,1679.813885591,55350000,1411.275970975,-1.7902527641065,-268.53791461597,3,1,1,0,-2,1,0,1,A,4
6446,2026-09-18T18:30:00+00:00,21,18,334,348,core_v1,3,,0,0,,,0,0,0,,,0,0,,,0,0,0,,,,0,22,0,,,,0,22,0,,,,0,21,33.333333333333,3,1,0,0,,,0,21,33.333333333333,3,1,0,0,1444.5281939582,303.30323130166,1747.8314252598,1.48,14.33,4.41,3.85,2.37,17.15,6.52,0.2963,0.1852,0.89,0.5185,27,27,27,-1.9711250561649,0.0289,3,-2,3,-2.1757305639714,0.1576,3,-2.3333333333333,-1.6020759873286,0.0646,3,-1.6666666666667,-1.9711250561649,0.0289,3,-2,3,-2.1757305639714,0.1576,3,-2.3333333333333,-1.6020759873286,0.0646,3,-1.6666666666667,-3.5561791216432,0.4438,1,-4,1,-13.577574525199,2.4224,1,-16,-9.0072121974976,0.9928,1,-10,1.6621482114153,-0.0045,3,1.6666666666667,3,14.642004417454,-0.0247,3,14.666666666667,4.6565592844354,-0.0101,3,4.6666666666667,1.6621482114153,-0.0045,3,1.6666666666667,3,14.642004417454,-0.0247,3,14.666666666667,4.6565592844354,-0.0101,3,4.6666666666667,4.3936290544938,0.3936,1,4,1,12.148472718899,2.1485,1,10,5.8805131598558,0.8805,1,5,1530.1769053348,1614.2887195499,3,1509.4049925935,1658.7986959742,100,3,1530.1769053348,1614.2887195499,3,1509.4049925935,1658.7986959742,100,3,1584.4892004292,1735.5889692916,1,1584.4892004292,1735.5889692916,100,1,1525.80604158,1522.3434546316,3,1507.9735984389,1448.4784933839,100,3,1525.80604158,1522.3434546316,3,1507.9735984389,1448.4784933839,100,3,1577.9195899759,1700.1316921874,1,1577.9195899759,1700.1316921874,100,1,3.33,1.33,17.33,15,7.67,6,3,0.67,2.33,6.67,21.33,2,6.67,3,2,3,1,7,2,3,1,5,115780000,1521.9782478994,1040000000,1851.2708709221,2.1952841534846,329.29262302268,0,0,0,0,7,7,1,1,H,7
